{"type": "FeatureCollection", "features": [{"type": "Feature", "geometry": {"type": "LineString", "coordinates": [[72.64283, 23.06476], [72.64268, 23.06462], [72.64255, 23.06449], [72.64232, 23.06422], [72.64191, 23.06375], [72.64182, 23.06364], [72.641, 23.06269], [72.64083, 23.0625], [72.64036, 23.06195], [72.64011, 23.06166], [72.63934, 23.06076], [72.63903, 23.06039], [72.63833, 23.05957], [72.63801, 23.05918], [72.63741, 23.05864], [72.63718, 23.05839], [72.63685, 23.05814], [72.6367, 23.05803], [72.63663, 23.05797], [72.63597, 23.05748], [72.6356, 23.05723], [72.63541, 23.05709], [72.63488, 23.05674], [72.634, 23.05618], [72.63356, 23.05591], [72.63352, 23.05588], [72.63337, 23.05578], [72.63268, 23.05532], [72.63207, 23.0549], [72.63066, 23.05403], [72.63029, 23.05376], [72.63023, 23.05373], [72.62849, 23.05262], [72.62716, 23.05177], [72.62656, 23.05135], [72.62609, 23.05105], [72.62492, 23.05029], [72.62462, 23.05009], [72.62381, 23.04956], [72.6234, 23.04929], [72.62331, 23.04923], [72.6231, 23.0491], [72.62277, 23.04888], [72.62233, 23.04859], [72.62142, 23.048], [72.62119, 23.04785], [72.62066, 23.04751], [72.61992, 23.04704], [72.61973, 23.04692], [72.61917, 23.04656], [72.61815, 23.04586], [72.6179, 23.04568], [72.61642, 23.0446], [72.6144, 23.04312], [72.61373, 23.04263], [72.61339, 23.04239], [72.61337, 23.04237], [72.61263, 23.04183], [72.61152, 23.04102], [72.61139, 23.04091], [72.6112, 23.04076], [72.61114, 23.04071], [72.61077, 23.04045], [72.61026, 23.04007], [72.60967, 23.03964], [72.60903, 23.03916], [72.60867, 23.03888], [72.60821, 23.03843], [72.60781, 23.03793], [72.60757, 23.03765], [72.60674, 23.03671], [72.60612, 23.03609], [72.60599, 23.03596], [72.60587, 23.03582], [72.60537, 23.03524], [72.60502, 23.03484], [72.6046, 23.03443], [72.60441, 23.03433]]}, "properties": {"corridor": "Naroda Road"}}, {"type": "Feature", "geometry": {"type": "LineString", "coordinates": [[72.62882, 22.9883], [72.62892, 22.98821], [72.6308, 22.98712], [72.63111, 22.98694], [72.63223, 22.9863]]}, "properties": {"corridor": "Ahmadabad Vadodara Expressway"}}, {"type": "Feature", "geometry": {"type": "LineString", "coordinates": [[72.63223, 22.9863], [72.63251, 22.98614]]}, "properties": {"corridor": "Ahmadabad Vadodara Expressway"}}, {"type": "Feature", "geometry": {"type": "LineString", "coordinates": [[72.63226, 22.98611], [72.63202, 22.98625]]}, "properties": {"corridor": "Ahmadabad Vadodara Expressway"}}, {"type": "Feature", "geometry": {"type": "LineString", "coordinates": [[72.63251, 22.98614], [72.63283, 22.98594], [72.63502, 22.98469], [72.63676, 22.9837]]}, "properties": {"corridor": "Ahmadabad Vadodara Expressway"}}, {"type": "Feature", "geometry": {"type": "LineString", "coordinates": [[72.63132, 22.98665], [72.62885, 22.98809], [72.62872, 22.98819]]}, "properties": {"corridor": "Ahmadabad Vadodara Expressway"}}, {"type": "Feature", "geometry": {"type": "LineString", "coordinates": [[72.63676, 22.9837], [72.63694, 22.98359]]}, "properties": {"corridor": "Ahmadabad Vadodara Expressway"}}, {"type": "Feature", "geometry": {"type": "LineString", "coordinates": [[72.63694, 22.98359], [72.63862, 22.98262], [72.64142, 22.98102], [72.64228, 22.98052], [72.64326, 22.97996]]}, "properties": {"corridor": "Ahmadabad Vadodara Expressway"}}, {"type": "Feature", "geometry": {"type": "LineString", "coordinates": [[72.63683, 22.9835], [72.6366, 22.98362]]}, "properties": {"corridor": "Ahmadabad Vadodara Expressway"}}, {"type": "Feature", "geometry": {"type": "LineString", "coordinates": [[72.6366, 22.98362], [72.63276, 22.98583], [72.63226, 22.98611]]}, "properties": {"corridor": "Ahmadabad Vadodara Expressway"}}, {"type": "Feature", "geometry": {"type": "LineString", "coordinates": [[72.64319, 22.97984], [72.64205, 22.98049], [72.63854, 22.98252], [72.63683, 22.9835]]}, "properties": {"corridor": "Ahmadabad Vadodara Expressway"}}, {"type": "Feature", "geometry": {"type": "LineString", "coordinates": [[72.64335, 22.97974], [72.64319, 22.97984]]}, "properties": {"corridor": "Ahmadabad Vadodara Expressway"}}, {"type": "Feature", "geometry": {"type": "LineString", "coordinates": [[72.64326, 22.97996], [72.64343, 22.97986]]}, "properties": {"corridor": "Ahmadabad Vadodara Expressway"}}, {"type": "Feature", "geometry": {"type": "LineString", "coordinates": [[72.64343, 22.97986], [72.65047, 22.97588], [72.651, 22.97559], [72.6538, 22.9739], [72.65655, 22.97232], [72.65772, 22.97165], [72.65921, 22.97079], [72.6631, 22.96856], [72.67072, 22.96418], [72.67676, 22.96095], [72.68051, 22.95893]]}, "properties": {"corridor": "Ahmadabad Vadodara Expressway"}}, {"type": "Feature", "geometry": {"type": "LineString", "coordinates": [[72.54406, 22.98085], [72.54489, 22.97969], [72.54521, 22.97928], [72.54531, 22.97917], [72.54542, 22.97904], [72.54556, 22.97888], [72.54576, 22.97868], [72.5464, 22.9781], [72.54697, 22.97769], [72.5471, 22.9776], [72.54755, 22.97733], [72.54767, 22.97727], [72.54825, 22.977], [72.54836, 22.97695], [72.54957, 22.97651], [72.54994, 22.97639], [72.55006, 22.97635], [72.55016, 22.97633], [72.55029, 22.9763], [72.55091, 22.97621], [72.55863, 22.97539], [72.56134, 22.9751], [72.56612, 22.97459], [72.56836, 22.97435], [72.56848, 22.97434], [72.57008, 22.97417], [72.57216, 22.97395], [72.57798, 22.97333], [72.57885, 22.97324], [72.57951, 22.97317], [72.58249, 22.97285], [72.58296, 22.97282]]}, "properties": {"corridor": "Narol Sarkhej Road"}}, {"type": "Feature", "geometry": {"type": "LineString", "coordinates": [[72.60077, 23.03311], [72.60066, 23.03306], [72.60023, 23.03275], [72.59943, 23.03192], [72.5991, 23.03159], [72.59889, 23.03137], [72.59878, 23.03117]]}, "properties": {"corridor": "Naroda Road"}}, {"type": "Feature", "geometry": {"type": "LineString", "coordinates": [[72.58155, 23.06833], [72.58131, 23.06841], [72.58112, 23.06843], [72.58088, 23.06842], [72.58032, 23.06829], [72.58027, 23.06828], [72.57939, 23.06808], [72.57896, 23.06795], [72.57856, 23.06784], [72.57795, 23.06767], [72.57777, 23.06763], [72.57755, 23.06758], [72.57729, 23.06755], [72.57703, 23.06754], [72.57649, 23.06753], [72.57638, 23.06753], [72.57555, 23.06754], [72.57497, 23.06757], [72.57491, 23.06757], [72.57307, 23.06757], [72.5722, 23.06755], [72.57179, 23.06756], [72.57172, 23.06756], [72.57167, 23.06755], [72.5716, 23.06755], [72.57136, 23.06755], [72.57128, 23.06755], [72.57048, 23.06755], [72.57041, 23.06754], [72.57035, 23.06754], [72.56966, 23.06755], [72.56915, 23.06753], [72.56811, 23.06753], [72.56765, 23.06756], [72.56708, 23.06756], [72.56677, 23.06756], [72.5667, 23.06756], [72.56651, 23.06756], [72.56629, 23.06756], [72.56554, 23.06757], [72.56467, 23.06759], [72.56436, 23.06754], [72.56423, 23.06752], [72.56346, 23.06743], [72.56315, 23.06741], [72.56299, 23.06738], [72.56278, 23.06731]]}, "properties": {"corridor": "132 Ft. Ring Road"}}, {"type": "Feature", "geometry": {"type": "LineString", "coordinates": [[72.63999, 23.08613], [72.63956, 23.08613], [72.63774, 23.08609], [72.63735, 23.08608], [72.63731, 23.08608], [72.637, 23.08607], [72.63602, 23.08605], [72.63362, 23.08597], [72.63349, 23.08596], [72.63343, 23.08596], [72.6332, 23.08595], [72.63314, 23.08595], [72.63256, 23.08593], [72.6322, 23.08592], [72.63149, 23.0859], [72.63143, 23.08589], [72.63116, 23.08588], [72.63039, 23.08586], [72.63015, 23.0858]]}, "properties": {"corridor": "Airport Road"}}, {"type": "Feature", "geometry": {"type": "LineString", "coordinates": [[72.58236, 22.97276], [72.57889, 22.97312], [72.57812, 22.9732], [72.57218, 22.97382], [72.57073, 22.97398], [72.56847, 22.97423], [72.56787, 22.97429], [72.56129, 22.975], [72.55301, 22.97586], [72.55089, 22.97608], [72.55062, 22.97612], [72.55038, 22.97616], [72.55026, 22.97618], [72.5502, 22.97619], [72.55008, 22.97622], [72.54942, 22.9764], [72.54907, 22.97649], [72.54877, 22.97657], [72.54861, 22.97662], [72.54848, 22.97667], [72.54833, 22.97672], [72.54818, 22.97678], [72.54799, 22.97687], [72.54755, 22.97706], [72.54742, 22.97712], [72.54726, 22.9772], [72.54696, 22.97738], [72.54681, 22.97747], [72.5467, 22.97754], [72.54662, 22.9776], [72.5464, 22.97776], [72.54627, 22.97786], [72.54618, 22.97793], [72.54611, 22.97799], [72.54552, 22.97853], [72.54521, 22.97886], [72.54504, 22.97906], [72.54486, 22.97929], [72.54467, 22.97957], [72.54386, 22.98069]]}, "properties": {"corridor": "Narol Sarkhej Road"}}, {"type": "Feature", "geometry": {"type": "LineString", "coordinates": [[72.65362, 22.9534], [72.64935, 22.94752], [72.64879, 22.94677], [72.64817, 22.94601], [72.64787, 22.94575], [72.64692, 22.94514], [72.64545, 22.94427], [72.64538, 22.94423], [72.64536, 22.94422], [72.64427, 22.9436], [72.64387, 22.94337], [72.64385, 22.94336], [72.64384, 22.94335], [72.64375, 22.94329], [72.64373, 22.94329], [72.6421, 22.94235], [72.64089, 22.9416], [72.64009, 22.94115]]}, "properties": {"corridor": "Sardar Patel Ring Road"}}, {"type": "Feature", "geometry": {"type": "LineString", "coordinates": [[72.59116, 22.92946], [72.59148, 22.92947]]}, "properties": {"corridor": "Sardar Patel Ring Road"}}, {"type": "Feature", "geometry": {"type": "LineString", "coordinates": [[72.60897, 22.93124], [72.60881, 22.93119]]}, "properties": {"corridor": "Sardar Patel Ring Road"}}, {"type": "Feature", "geometry": {"type": "LineString", "coordinates": [[72.66133, 22.97171], [72.66173, 22.97332], [72.66174, 22.97335], [72.66194, 22.97432], [72.66228, 22.97567], [72.66242, 22.97642], [72.66272, 22.97835], [72.66276, 22.97861], [72.66286, 22.9793], [72.66291, 22.97953], [72.6634, 22.98218], [72.66342, 22.98227], [72.66353, 22.9827], [72.66373, 22.98381], [72.66397, 22.98508], [72.66402, 22.98541], [72.66413, 22.98627], [72.66419, 22.98657], [72.66421, 22.98673], [72.66432, 22.98748], [72.6645, 22.98899], [72.66455, 22.98928], [72.66467, 22.98997], [72.66468, 22.99], [72.66474, 22.99035], [72.66497, 22.99152], [72.6652, 22.99298], [72.66525, 22.99326], [72.66532, 22.99373], [72.6659, 22.99771], [72.66593, 22.9979], [72.66628, 22.99988], [72.66644, 23.00046], [72.66688, 23.00179], [72.66739, 23.00333], [72.66746, 23.00354]]}, "properties": {"corridor": "Sardar Patel Ring Road"}}, {"type": "Feature", "geometry": {"type": "LineString", "coordinates": [[72.59495, 22.92939], [72.59478, 22.92941], [72.59468, 22.92943], [72.59446, 22.92944], [72.59139, 22.92935]]}, "properties": {"corridor": "Sardar Patel Ring Road"}}, {"type": "Feature", "geometry": {"type": "LineString", "coordinates": [[72.68745, 23.08518], [72.68746, 23.08492], [72.68746, 23.08455], [72.68751, 23.08316], [72.68752, 23.08236], [72.68754, 23.0819], [72.68759, 23.08144], [72.68787, 23.07933], [72.68798, 23.07849], [72.68799, 23.07838], [72.68809, 23.07766], [72.68826, 23.07669], [72.68851, 23.07493]]}, "properties": {"corridor": "Sardar Patel Ring Road"}}, {"type": "Feature", "geometry": {"type": "LineString", "coordinates": [[72.6895, 23.0606], [72.68915, 23.05967], [72.68883, 23.05907], [72.68841, 23.05827], [72.68544, 23.05373], [72.68543, 23.05371], [72.6854, 23.05367], [72.6843, 23.05198], [72.68423, 23.05188], [72.68376, 23.05116], [72.68309, 23.05011], [72.68245, 23.0491], [72.68194, 23.04821], [72.68184, 23.04799], [72.68177, 23.04783], [72.68159, 23.04744], [72.68065, 23.04507], [72.68019, 23.04391], [72.67968, 23.04264]]}, "properties": {"corridor": "Sardar Patel Ring Road"}}, {"type": "Feature", "geometry": {"type": "LineString", "coordinates": [[72.48544, 22.94585], [72.48546, 22.94574], [72.48546, 22.94569], [72.4855, 22.94557], [72.48617, 22.94447], [72.48659, 22.94384], [72.48705, 22.94329], [72.48775, 22.94271], [72.48861, 22.94213], [72.49262, 22.93945], [72.49274, 22.93937]]}, "properties": {"corridor": "Sardar Patel Ring Road"}}, {"type": "Feature", "geometry": {"type": "LineString", "coordinates": [[72.64009, 22.94115], [72.63592, 22.93873], [72.63518, 22.93828]]}, "properties": {"corridor": "Sardar Patel Ring Road"}}, {"type": "Feature", "geometry": {"type": "LineString", "coordinates": [[72.59108, 22.92934], [72.59032, 22.92932], [72.58919, 22.92923], [72.58811, 22.92907], [72.58799, 22.92906], [72.58338, 22.92834], [72.58292, 22.92827], [72.58151, 22.92804], [72.57965, 22.92774], [72.57858, 22.92753], [72.5777, 22.92726], [72.57683, 22.92696], [72.57456, 22.92611], [72.57413, 22.92597], [72.57399, 22.92592], [72.57389, 22.92589], [72.57317, 22.9257], [72.57248, 22.92561], [72.57164, 22.92553], [72.5685, 22.92516], [72.56719, 22.92501], [72.56309, 22.92463], [72.5588, 22.92432], [72.55677, 22.92417], [72.55438, 22.92399], [72.55143, 22.92378], [72.55074, 22.92373]]}, "properties": {"corridor": "Sardar Patel Ring Road"}}, {"type": "Feature", "geometry": {"type": "LineString", "coordinates": [[72.59557, 22.92973], [72.59579, 22.92964], [72.596, 22.92961], [72.59629, 22.92962], [72.59875, 22.92971], [72.60194, 22.92982], [72.60299, 22.92988], [72.60368, 22.92998], [72.60434, 22.93012], [72.6072, 22.93088], [72.60878, 22.93132]]}, "properties": {"corridor": "Sardar Patel Ring Road"}}, {"type": "Feature", "geometry": {"type": "LineString", "coordinates": [[72.60895, 22.93137], [72.60906, 22.9314], [72.61109, 22.93192], [72.6171, 22.93352], [72.61793, 22.93374], [72.62076, 22.93449], [72.62124, 22.93462], [72.62472, 22.93555], [72.62709, 22.93618], [72.62831, 22.93649], [72.62879, 22.93661], [72.62993, 22.93683], [72.63146, 22.93706], [72.63253, 22.93723], [72.63304, 22.93737], [72.63354, 22.93754], [72.63404, 22.93774], [72.63514, 22.93835]]}, "properties": {"corridor": "Sardar Patel Ring Road"}}, {"type": "Feature", "geometry": {"type": "LineString", "coordinates": [[72.68535, 23.10082], [72.68568, 23.09944], [72.68607, 23.09752], [72.68614, 23.09717], [72.68619, 23.09693], [72.68633, 23.09626], [72.68681, 23.094], [72.68682, 23.09392]]}, "properties": {"corridor": "Sardar Patel Ring Road"}}, {"type": "Feature", "geometry": {"type": "LineString", "coordinates": [[72.67955, 23.0427], [72.68005, 23.04397], [72.68152, 23.04757], [72.68183, 23.04827], [72.68237, 23.04916], [72.68301, 23.05016], [72.68368, 23.05122], [72.68411, 23.05188], [72.68417, 23.05199], [72.6853, 23.05373], [72.68533, 23.05377], [72.68534, 23.05378], [72.68829, 23.05833], [72.68902, 23.05972], [72.6893, 23.06059]]}, "properties": {"corridor": "Sardar Patel Ring Road"}}, {"type": "Feature", "geometry": {"type": "LineString", "coordinates": [[72.59139, 22.92935], [72.59108, 22.92934]]}, "properties": {"corridor": "Sardar Patel Ring Road"}}, {"type": "Feature", "geometry": {"type": "LineString", "coordinates": [[72.64003, 22.94121], [72.64083, 22.94165], [72.64248, 22.9427], [72.64373, 22.94342], [72.64419, 22.94369], [72.64531, 22.94433], [72.64537, 22.94436], [72.64682, 22.94523], [72.6478, 22.94585], [72.64799, 22.94602], [72.64809, 22.94611], [72.64843, 22.94653], [72.64869, 22.94685], [72.64897, 22.94721], [72.64925, 22.94757], [72.65369, 22.95371]]}, "properties": {"corridor": "Sardar Patel Ring Road"}}, {"type": "Feature", "geometry": {"type": "LineString", "coordinates": [[72.68682, 23.09392], [72.68692, 23.09348]]}, "properties": {"corridor": "Sardar Patel Ring Road"}}, {"type": "Feature", "geometry": {"type": "LineString", "coordinates": [[72.68838, 23.07476], [72.68814, 23.0767], [72.68797, 23.07765], [72.68786, 23.07844], [72.68776, 23.07913], [72.68774, 23.0793], [72.68766, 23.07985], [72.68765, 23.07996], [72.68756, 23.0806], [72.68745, 23.08144], [72.6874, 23.08189], [72.68739, 23.08211], [72.68739, 23.08217], [72.68738, 23.08234], [72.68741, 23.08318], [72.68735, 23.08492], [72.68735, 23.08503]]}, "properties": {"corridor": "Sardar Patel Ring Road"}}, {"type": "Feature", "geometry": {"type": "LineString", "coordinates": [[72.59148, 22.92947], [72.59427, 22.92955], [72.59456, 22.92958], [72.59478, 22.92963], [72.59501, 22.92975]]}, "properties": {"corridor": "Sardar Patel Ring Road"}}, {"type": "Feature", "geometry": {"type": "LineString", "coordinates": [[72.63514, 22.93835], [72.64003, 22.94121]]}, "properties": {"corridor": "Sardar Patel Ring Road"}}, {"type": "Feature", "geometry": {"type": "LineString", "coordinates": [[72.6867, 23.0937], [72.68669, 23.09377], [72.68622, 23.09624], [72.68607, 23.09694], [72.68596, 23.0975], [72.68585, 23.09805], [72.68584, 23.09809], [72.68556, 23.09944], [72.6848, 23.10262]]}, "properties": {"corridor": "Sardar Patel Ring Road"}}, {"type": "Feature", "geometry": {"type": "LineString", "coordinates": [[72.67179, 23.0203], [72.67164, 23.0196], [72.67147, 23.01894], [72.67061, 23.01641], [72.67029, 23.01546], [72.66984, 23.01327]]}, "properties": {"corridor": "Sardar Patel Ring Road"}}, {"type": "Feature", "geometry": {"type": "LineString", "coordinates": [[72.60878, 22.93132], [72.60895, 22.93137]]}, "properties": {"corridor": "Sardar Patel Ring Road"}}, {"type": "Feature", "geometry": {"type": "LineString", "coordinates": [[72.63518, 22.93828], [72.63408, 22.93766], [72.6336, 22.93746], [72.63307, 22.93728], [72.63257, 22.93714], [72.63149, 22.93697], [72.62995, 22.93671], [72.62882, 22.9365], [72.62844, 22.9364], [72.62712, 22.93604], [72.62479, 22.93544], [72.62084, 22.93439], [72.61798, 22.93364], [72.61796, 22.93364], [72.61716, 22.93342], [72.61112, 22.93179], [72.60897, 22.93124]]}, "properties": {"corridor": "Sardar Patel Ring Road"}}, {"type": "Feature", "geometry": {"type": "LineString", "coordinates": [[72.68676, 23.09347], [72.6867, 23.0937]]}, "properties": {"corridor": "Sardar Patel Ring Road"}}, {"type": "Feature", "geometry": {"type": "LineString", "coordinates": [[72.60881, 22.93119], [72.60727, 22.93077], [72.6044, 22.93001], [72.60372, 22.92987], [72.60301, 22.92977], [72.60194, 22.92971], [72.59875, 22.92959], [72.59622, 22.92951], [72.59601, 22.92949], [72.59583, 22.92946], [72.59559, 22.92937]]}, "properties": {"corridor": "Sardar Patel Ring Road"}}, {"type": "Feature", "geometry": {"type": "LineString", "coordinates": [[72.53824, 22.92982], [72.53414, 22.93319]]}, "properties": {"corridor": "Sardar Patel Ring Road"}}, {"type": "Feature", "geometry": {"type": "LineString", "coordinates": [[72.5411, 22.9273], [72.54103, 22.92743], [72.54094, 22.92757], [72.54054, 22.92793], [72.53824, 22.92982]]}, "properties": {"corridor": "Sardar Patel Ring Road"}}, {"type": "Feature", "geometry": {"type": "LineString", "coordinates": [[72.53832, 22.9299], [72.54063, 22.92801], [72.54105, 22.92766], [72.54118, 22.9276], [72.54136, 22.92755]]}, "properties": {"corridor": "Sardar Patel Ring Road"}}, {"type": "Feature", "geometry": {"type": "LineString", "coordinates": [[72.55072, 22.92384], [72.55141, 22.9239], [72.55438, 22.9241], [72.55676, 22.92428], [72.55812, 22.92438], [72.56316, 22.92475], [72.56717, 22.92513], [72.56839, 22.92526], [72.57161, 22.92564], [72.57244, 22.92572], [72.57315, 22.92581], [72.57384, 22.92599], [72.57409, 22.92608], [72.57452, 22.92622], [72.57677, 22.92707], [72.57767, 22.92737], [72.57852, 22.92764], [72.57939, 22.92781], [72.57959, 22.92785], [72.57973, 22.92787], [72.58337, 22.92845], [72.58794, 22.92916], [72.58804, 22.92917], [72.58917, 22.92935], [72.5903, 22.92944], [72.59116, 22.92946]]}, "properties": {"corridor": "Sardar Patel Ring Road"}}, {"type": "Feature", "geometry": {"type": "LineString", "coordinates": [[72.53423, 22.93325], [72.53832, 22.9299]]}, "properties": {"corridor": "Sardar Patel Ring Road"}}, {"type": "Feature", "geometry": {"type": "LineString", "coordinates": [[72.50819, 22.9882], [72.50843, 22.98823], [72.50901, 22.98832], [72.50931, 22.98838], [72.50984, 22.98849], [72.51109, 22.98877], [72.51116, 22.98879], [72.51132, 22.98882], [72.51186, 22.98894], [72.5128, 22.98915], [72.51327, 22.98926], [72.51375, 22.98938], [72.51394, 22.98943], [72.51455, 22.98964], [72.51522, 22.98992], [72.51529, 22.98995], [72.5167, 22.99052], [72.51686, 22.99058], [72.51702, 22.99064], [72.5183, 22.99116], [72.51999, 22.99184], [72.52112, 22.99231], [72.52163, 22.9925], [72.52216, 22.99265], [72.52404, 22.99316], [72.52465, 22.99332], [72.52491, 22.99339], [72.52732, 22.99404], [72.52753, 22.9941], [72.5285, 22.99435], [72.52886, 22.99444], [72.53247, 22.99529], [72.53319, 22.99546], [72.53346, 22.99552], [72.53358, 22.99555]]}, "properties": {"corridor": "Jawaharlal Nehru Road"}}, {"type": "Feature", "geometry": {"type": "LineString", "coordinates": [[72.50347, 22.93616], [72.50878, 22.93577], [72.51353, 22.93542], [72.51864, 22.93496], [72.5193, 22.93492], [72.51977, 22.93488], [72.5203, 22.93483], [72.52119, 22.93471], [72.52212, 22.93462], [72.52236, 22.93459], [72.52467, 22.93436], [72.52893, 22.934], [72.53217, 22.93374], [72.53289, 22.93367], [72.53327, 22.93364], [72.53372, 22.93353], [72.53394, 22.93344], [72.53415, 22.93331], [72.53423, 22.93325]]}, "properties": {"corridor": "Sardar Patel Ring Road"}}, {"type": "Feature", "geometry": {"type": "LineString", "coordinates": [[72.6601, 22.96639], [72.66062, 22.9687]]}, "properties": {"corridor": "Sardar Patel Ring Road"}}, {"type": "Feature", "geometry": {"type": "LineString", "coordinates": [[72.64641, 23.11547], [72.64908, 23.11552], [72.6516, 23.1156]]}, "properties": {"corridor": "Sardar Patel Ring Road"}}, {"type": "Feature", "geometry": {"type": "LineString", "coordinates": [[72.53927, 23.13641], [72.53889, 23.13646], [72.53826, 23.13651], [72.53746, 23.13653], [72.53649, 23.13647], [72.53115, 23.13556], [72.52968, 23.13524], [72.52835, 23.13483], [72.52765, 23.1346], [72.52696, 23.13429], [72.52599, 23.13377], [72.52566, 23.1336], [72.52479, 23.13311], [72.52401, 23.1326], [72.52375, 23.13242], [72.52105, 23.13046], [72.51782, 23.12811], [72.5167, 23.12729], [72.51213, 23.12398], [72.51042, 23.12266], [72.5103, 23.1225], [72.51021, 23.12236]]}, "properties": {"corridor": "Sardar Patel Ring Road"}}, {"type": "Feature", "geometry": {"type": "LineString", "coordinates": [[72.47108, 22.98138], [72.47105, 22.98092], [72.47105, 22.98053], [72.47108, 22.98002], [72.47115, 22.97913], [72.47118, 22.97886], [72.47124, 22.97856], [72.47133, 22.97816], [72.47144, 22.97779], [72.47155, 22.97746], [72.47164, 22.9772], [72.4718, 22.97682], [72.472, 22.97637], [72.47218, 22.97592], [72.47227, 22.97575], [72.47239, 22.97551], [72.47265, 22.97497], [72.47269, 22.97491]]}, "properties": {"corridor": "Sardar Patel Ring Road"}}, {"type": "Feature", "geometry": {"type": "LineString", "coordinates": [[72.59095, 23.12928], [72.59133, 23.12912], [72.59135, 23.12911], [72.59177, 23.12894], [72.59259, 23.12858], [72.59445, 23.12779], [72.60359, 23.12384], [72.60379, 23.12376], [72.60447, 23.12348], [72.60857, 23.12176], [72.60978, 23.12124]]}, "properties": {"corridor": "Sardar Patel Ring Road"}}, {"type": "Feature", "geometry": {"type": "LineString", "coordinates": [[72.53853, 23.12175], [72.5382, 23.12058], [72.53794, 23.11976], [72.53784, 23.11944], [72.5378, 23.1193], [72.53711, 23.11693], [72.53706, 23.11674], [72.537, 23.11655], [72.53652, 23.11491], [72.53649, 23.11481], [72.53517, 23.11034], [72.53486, 23.10931], [72.53448, 23.10796], [72.5341, 23.10661]]}, "properties": {"corridor": "SG Highway"}}, {"type": "Feature", "geometry": {"type": "LineString", "coordinates": [[72.60976, 23.12111], [72.60961, 23.12117], [72.6044, 23.12339], [72.59349, 23.12802], [72.59327, 23.12811], [72.59251, 23.12844], [72.59149, 23.12889], [72.59129, 23.12898], [72.59127, 23.12899], [72.59092, 23.12914]]}, "properties": {"corridor": "Sardar Patel Ring Road"}}, {"type": "Feature", "geometry": {"type": "LineString", "coordinates": [[72.58197, 23.06845], [72.58211, 23.06817], [72.5822, 23.06799], [72.58248, 23.06773], [72.58299, 23.0673], [72.58312, 23.06718], [72.58319, 23.06709], [72.58322, 23.06699], [72.58324, 23.0669], [72.58327, 23.0667], [72.58333, 23.06643]]}, "properties": {"corridor": "Ashram Road"}}, {"type": "Feature", "geometry": {"type": "LineString", "coordinates": [[72.583, 23.06646], [72.583, 23.0666], [72.58301, 23.06683], [72.58301, 23.06695], [72.58301, 23.06707], [72.58295, 23.06717], [72.58284, 23.0673], [72.58224, 23.06781], [72.58166, 23.0683]]}, "properties": {"corridor": "Ashram Road"}}, {"type": "Feature", "geometry": {"type": "LineString", "coordinates": [[72.53358, 22.99555], [72.5349, 22.99585], [72.53559, 22.996], [72.53568, 22.99602], [72.53643, 22.99619]]}, "properties": {"corridor": "Jawaharlal Nehru Road"}}, {"type": "Feature", "geometry": {"type": "LineString", "coordinates": [[72.53363, 22.99547], [72.53351, 22.99544], [72.5331, 22.99534], [72.53197, 22.99508], [72.53045, 22.99473], [72.52888, 22.99437], [72.52787, 22.9941], [72.52756, 22.99402], [72.52737, 22.99397], [72.52522, 22.99337], [72.52493, 22.99329], [72.52488, 22.99327], [72.52468, 22.99321], [72.52355, 22.9929], [72.52287, 22.99272], [72.52228, 22.99258], [72.52221, 22.99256], [72.52192, 22.99248], [72.52166, 22.99241], [72.52118, 22.99224], [72.52003, 22.99177], [72.51834, 22.99109], [72.51737, 22.9907], [72.51533, 22.98988], [72.51526, 22.98985], [72.51504, 22.98976], [72.51459, 22.98958], [72.514, 22.98937], [72.5133, 22.98918], [72.51188, 22.98886], [72.5114, 22.98875], [72.51035, 22.98853], [72.51029, 22.98851], [72.50985, 22.98842], [72.50904, 22.98826], [72.50852, 22.98817], [72.50816, 22.98812]]}, "properties": {"corridor": "Jawaharlal Nehru Road"}}, {"type": "Feature", "geometry": {"type": "LineString", "coordinates": [[72.55108, 23.04525], [72.55092, 23.0451], [72.55071, 23.04487], [72.55046, 23.04457], [72.5503, 23.04436], [72.55007, 23.04407], [72.54999, 23.04396], [72.54985, 23.04377], [72.54973, 23.04358], [72.54965, 23.04346], [72.54949, 23.04322], [72.54931, 23.04293], [72.54916, 23.04268]]}, "properties": {"corridor": "120 Feet Ring Road"}}, {"type": "Feature", "geometry": {"type": "LineString", "coordinates": [[72.5491, 23.04273], [72.54918, 23.04286], [72.54924, 23.04297], [72.54944, 23.04327], [72.54946, 23.04331], [72.54958, 23.04347], [72.54978, 23.04379], [72.54993, 23.04399], [72.55003, 23.04414], [72.55027, 23.04445], [72.55042, 23.04463], [72.55059, 23.04484], [72.55074, 23.04503], [72.55086, 23.04516], [72.55098, 23.04527]]}, "properties": {"corridor": "120 Feet Ring Road"}}, {"type": "Feature", "geometry": {"type": "LineString", "coordinates": [[72.54878, 23.03566], [72.54888, 23.03508], [72.54893, 23.03479], [72.54895, 23.03469], [72.54908, 23.0339], [72.54918, 23.03355], [72.5494, 23.03295], [72.54945, 23.03284]]}, "properties": {"corridor": "120 Feet Ring Road"}}, {"type": "Feature", "geometry": {"type": "LineString", "coordinates": [[72.54931, 23.0329], [72.54925, 23.03307], [72.54908, 23.03353], [72.54896, 23.03396], [72.54884, 23.03462], [72.5487, 23.03534], [72.54865, 23.03565]]}, "properties": {"corridor": "120 Feet Ring Road"}}, {"type": "Feature", "geometry": {"type": "LineString", "coordinates": [[72.54315, 23.02522], [72.54321, 23.0253], [72.54333, 23.02547], [72.54354, 23.02575], [72.54376, 23.02605], [72.54406, 23.0264], [72.54431, 23.02669], [72.54459, 23.02702], [72.54468, 23.02711]]}, "properties": {"corridor": "120 Feet Ring Road"}}, {"type": "Feature", "geometry": {"type": "LineString", "coordinates": [[72.54475, 23.02706], [72.54464, 23.02692], [72.5444, 23.02662], [72.54415, 23.02633], [72.54386, 23.02601], [72.54362, 23.02568], [72.54341, 23.0254], [72.54329, 23.02527], [72.54322, 23.02518]]}, "properties": {"corridor": "120 Feet Ring Road"}}, {"type": "Feature", "geometry": {"type": "LineString", "coordinates": [[72.54319, 23.02512], [72.54316, 23.02498], [72.54312, 23.0248], [72.54302, 23.02435], [72.54296, 23.02402], [72.54293, 23.02384], [72.54292, 23.0235], [72.54292, 23.02341], [72.54291, 23.02323], [72.54291, 23.02305], [72.54288, 23.0228], [72.54289, 23.02269], [72.54293, 23.02257], [72.54296, 23.02252]]}, "properties": {"corridor": "120 Feet Ring Road"}}, {"type": "Feature", "geometry": {"type": "LineString", "coordinates": [[72.5427, 23.02251], [72.54269, 23.02265], [72.54276, 23.02282], [72.54281, 23.02305], [72.54281, 23.02319], [72.54282, 23.0235], [72.54283, 23.02385], [72.54292, 23.02435], [72.54293, 23.02437], [72.54303, 23.02481], [72.54304, 23.02486], [72.54306, 23.02499], [72.5431, 23.02515]]}, "properties": {"corridor": "120 Feet Ring Road"}}, {"type": "Feature", "geometry": {"type": "LineString", "coordinates": [[72.54913, 23.04263], [72.54908, 23.04241], [72.54893, 23.0419], [72.54886, 23.04156], [72.54881, 23.04127], [72.54878, 23.04099], [72.54876, 23.04065], [72.54874, 23.04024], [72.54874, 23.04012]]}, "properties": {"corridor": "120 Feet Ring Road"}}, {"type": "Feature", "geometry": {"type": "LineString", "coordinates": [[72.54873, 23.04003], [72.54874, 23.03988], [72.54876, 23.0396], [72.54876, 23.0393], [72.54878, 23.03904], [72.54878, 23.03893]]}, "properties": {"corridor": "120 Feet Ring Road"}}, {"type": "Feature", "geometry": {"type": "LineString", "coordinates": [[72.54868, 23.03893], [72.54867, 23.03905], [72.54866, 23.03929], [72.54866, 23.0396], [72.54865, 23.03976], [72.54865, 23.03988], [72.54865, 23.04003]]}, "properties": {"corridor": "120 Feet Ring Road"}}, {"type": "Feature", "geometry": {"type": "LineString", "coordinates": [[72.54865, 23.04012], [72.54866, 23.04025], [72.54868, 23.04064], [72.5487, 23.04092], [72.5487, 23.04095], [72.54871, 23.04099], [72.54874, 23.04128], [72.54878, 23.04158], [72.54885, 23.04192], [72.54898, 23.0424], [72.54903, 23.04255], [72.54904, 23.04258], [72.54907, 23.04267]]}, "properties": {"corridor": "120 Feet Ring Road"}}, {"type": "Feature", "geometry": {"type": "LineString", "coordinates": [[72.55098, 23.04527], [72.5512, 23.04546], [72.55149, 23.04566], [72.5518, 23.04585], [72.55187, 23.0459], [72.5521, 23.04603], [72.55216, 23.04607], [72.55219, 23.04609], [72.55264, 23.04632], [72.55317, 23.04655], [72.55325, 23.04662], [72.55332, 23.04668]]}, "properties": {"corridor": "120 Feet Ring Road"}}, {"type": "Feature", "geometry": {"type": "LineString", "coordinates": [[72.55343, 23.04658], [72.55308, 23.04642], [72.5528, 23.0463], [72.5527, 23.04625], [72.55244, 23.04612], [72.55212, 23.04594], [72.55176, 23.04572], [72.55135, 23.04545], [72.55108, 23.04525]]}, "properties": {"corridor": "120 Feet Ring Road"}}, {"type": "Feature", "geometry": {"type": "LineString", "coordinates": [[72.55376, 23.04677], [72.55397, 23.04681], [72.554, 23.04682], [72.55448, 23.04695], [72.55495, 23.0471], [72.55501, 23.04711], [72.55524, 23.04717], [72.5557, 23.04727], [72.55613, 23.04736], [72.55631, 23.04744]]}, "properties": {"corridor": "120 Feet Ring Road"}}, {"type": "Feature", "geometry": {"type": "LineString", "coordinates": [[72.56009, 23.04759], [72.55974, 23.04758], [72.5593, 23.04753], [72.55877, 23.04749], [72.55824, 23.04746], [72.55771, 23.04742], [72.55716, 23.04738], [72.55697, 23.04734]]}, "properties": {"corridor": "120 Feet Ring Road"}}, {"type": "Feature", "geometry": {"type": "LineString", "coordinates": [[72.55694, 23.04748], [72.55712, 23.04744], [72.55771, 23.04749], [72.55788, 23.0475], [72.55808, 23.04751], [72.55819, 23.04752], [72.55829, 23.04753], [72.55877, 23.04756], [72.55928, 23.04759], [72.55943, 23.0476], [72.55972, 23.04764], [72.56009, 23.04765]]}, "properties": {"corridor": "120 Feet Ring Road"}}, {"type": "Feature", "geometry": {"type": "LineString", "coordinates": [[72.55627, 23.04726], [72.55614, 23.04725], [72.55606, 23.04724], [72.55572, 23.04716], [72.55527, 23.04706], [72.55497, 23.04699], [72.5545, 23.04685], [72.55411, 23.04673], [72.55381, 23.04669]]}, "properties": {"corridor": "120 Feet Ring Road"}}, {"type": "Feature", "geometry": {"type": "LineString", "coordinates": [[72.56123, 23.04756], [72.56109, 23.04757], [72.56073, 23.04757], [72.56067, 23.04757], [72.56033, 23.04757], [72.56018, 23.04759]]}, "properties": {"corridor": "120 Feet Ring Road"}}, {"type": "Feature", "geometry": {"type": "LineString", "coordinates": [[72.56799, 23.04681], [72.56777, 23.04679], [72.56731, 23.04676], [72.56724, 23.04676], [72.56676, 23.04675], [72.56641, 23.04674]]}, "properties": {"corridor": "120 Feet Ring Road"}}, {"type": "Feature", "geometry": {"type": "LineString", "coordinates": [[72.56018, 23.04764], [72.56033, 23.04766], [72.56047, 23.04766], [72.56066, 23.04766], [72.56107, 23.04765], [72.56155, 23.04765], [72.5618, 23.04764]]}, "properties": {"corridor": "120 Feet Ring Road"}}, {"type": "Feature", "geometry": {"type": "LineString", "coordinates": [[72.56643, 23.04678], [72.56676, 23.04679], [72.56685, 23.0468], [72.5669, 23.0468], [72.56728, 23.04681], [72.56776, 23.04685], [72.56798, 23.04687]]}, "properties": {"corridor": "120 Feet Ring Road"}}, {"type": "Feature", "geometry": {"type": "LineString", "coordinates": [[72.53784, 22.99643], [72.53774, 22.99641], [72.53682, 22.99619], [72.53645, 22.9961], [72.53561, 22.99591], [72.53407, 22.99556], [72.53363, 22.99547]]}, "properties": {"corridor": "Jawaharlal Nehru Road"}}, {"type": "Feature", "geometry": {"type": "LineString", "coordinates": [[72.53643, 22.99619], [72.53678, 22.99627], [72.5368, 22.99627], [72.53772, 22.99647]]}, "properties": {"corridor": "Jawaharlal Nehru Road"}}, {"type": "Feature", "geometry": {"type": "LineString", "coordinates": [[72.53781, 22.9965], [72.53809, 22.99656], [72.53873, 22.99672], [72.53892, 22.99677], [72.53926, 22.99688], [72.53949, 22.99696], [72.53974, 22.99706], [72.54014, 22.99722], [72.5405, 22.99735], [72.54091, 22.99753], [72.54126, 22.99768], [72.54139, 22.99773], [72.54167, 22.99785], [72.54183, 22.99792], [72.54224, 22.99809], [72.54272, 22.9983], [72.54312, 22.99847], [72.54317, 22.9985], [72.54389, 22.9988], [72.54429, 22.99898], [72.54469, 22.99918], [72.54508, 22.99939], [72.54513, 22.99942], [72.54517, 22.99945], [72.54524, 22.99949], [72.54534, 22.99954], [72.54568, 22.99974], [72.54579, 22.99982], [72.54586, 22.99985], [72.54591, 22.99988], [72.54609, 23.00001], [72.54619, 23.00008], [72.54652, 23.00034], [72.54671, 23.00053], [72.54683, 23.00068], [72.54688, 23.00079], [72.54705, 23.00116], [72.54715, 23.00131], [72.54732, 23.00154], [72.54749, 23.0017], [72.54757, 23.00177], [72.54775, 23.00185], [72.54791, 23.00189], [72.54804, 23.00191], [72.5481, 23.00192], [72.5487, 23.00201], [72.54876, 23.00202], [72.54945, 23.00217], [72.55002, 23.00226], [72.55049, 23.0024], [72.55072, 23.00249]]}, "properties": {"corridor": "Ashram Road"}}, {"type": "Feature", "geometry": {"type": "LineString", "coordinates": [[72.55075, 23.0024], [72.55052, 23.00233], [72.55035, 23.00229], [72.55011, 23.00222], [72.55003, 23.00219], [72.54947, 23.0021], [72.54877, 23.00195], [72.54845, 23.00189], [72.54811, 23.00185], [72.54793, 23.00182], [72.54777, 23.00178], [72.54762, 23.00169], [72.54755, 23.00165], [72.54753, 23.00163], [72.54738, 23.00149], [72.54723, 23.0013], [72.54722, 23.00127], [72.54713, 23.00111], [72.54703, 23.00092], [72.54696, 23.00076], [72.54689, 23.00063], [72.54679, 23.00051], [72.54674, 23.00045], [72.54656, 23.00029], [72.54632, 23.0001], [72.54608, 22.99992], [72.54589, 22.99979], [72.54583, 22.99976], [72.54567, 22.99966], [72.54537, 22.99949], [72.54528, 22.99943], [72.54522, 22.9994], [72.54517, 22.99936], [72.54511, 22.99933], [72.54493, 22.99922], [72.54464, 22.99907], [72.5443, 22.9989], [72.54418, 22.99884], [72.54397, 22.99875], [72.54335, 22.99849], [72.54316, 22.99841], [72.54259, 22.99816], [72.54223, 22.99799], [72.54171, 22.99778], [72.54158, 22.99772], [72.54141, 22.99766], [72.54116, 22.99755], [72.54062, 22.99733], [72.54048, 22.99727], [72.54012, 22.99712], [72.53982, 22.99701], [72.53971, 22.99697], [72.53929, 22.99681], [72.53895, 22.9967], [72.53811, 22.99649], [72.53784, 22.99643]]}, "properties": {"corridor": "Ashram Road"}}, {"type": "Feature", "geometry": {"type": "LineString", "coordinates": [[72.57208, 23.05567], [72.57192, 23.05554], [72.57183, 23.05542], [72.57178, 23.05527], [72.57173, 23.05511], [72.5717, 23.05498], [72.57169, 23.05473], [72.57168, 23.05438], [72.57165, 23.05388], [72.57159, 23.05306], [72.5715, 23.05282], [72.57149, 23.05277], [72.57147, 23.05261], [72.57146, 23.05246], [72.57146, 23.05243], [72.57145, 23.05239], [72.57145, 23.0523], [72.57142, 23.05185], [72.57132, 23.05054], [72.57128, 23.05013], [72.57125, 23.04976], [72.57123, 23.04953], [72.57122, 23.04946], [72.57115, 23.04893], [72.57112, 23.0487], [72.57105, 23.04813], [72.57099, 23.04791], [72.57096, 23.04785], [72.57087, 23.04765], [72.57083, 23.04759], [72.57074, 23.04743], [72.57058, 23.04716], [72.57051, 23.04703], [72.57047, 23.04696], [72.57041, 23.04683], [72.57035, 23.04669], [72.57033, 23.04661], [72.5703, 23.04652], [72.57023, 23.04627], [72.57022, 23.04614], [72.57019, 23.04599], [72.57017, 23.04583], [72.57016, 23.04575], [72.57012, 23.04549], [72.5701, 23.04535], [72.57009, 23.04504], [72.57007, 23.04488]]}, "properties": {"corridor": "Ashram Road"}}, {"type": "Feature", "geometry": {"type": "LineString", "coordinates": [[72.54301, 23.02219], [72.54305, 23.02206], [72.54305, 23.02195], [72.54308, 23.02183], [72.54322, 23.02161], [72.54343, 23.02093], [72.54369, 23.02002], [72.54377, 23.01976], [72.54391, 23.01921], [72.54407, 23.01861], [72.54414, 23.01836], [72.54426, 23.01787], [72.54432, 23.01767], [72.54434, 23.01752]]}, "properties": {"corridor": "120 Feet Ring Road"}}, {"type": "Feature", "geometry": {"type": "LineString", "coordinates": [[72.54416, 23.01745], [72.54414, 23.01758], [72.54402, 23.018], [72.54398, 23.01819], [72.54389, 23.01853], [72.54388, 23.01856], [72.54379, 23.01887], [72.54372, 23.01913], [72.54369, 23.01924], [72.54352, 23.02], [72.54327, 23.0209], [72.54305, 23.02156], [72.54304, 23.02161], [72.54301, 23.02181], [72.54282, 23.02208], [72.54279, 23.02213]]}, "properties": {"corridor": "120 Feet Ring Road"}}, {"type": "Feature", "geometry": {"type": "LineString", "coordinates": [[72.56798, 23.04687], [72.56816, 23.04689], [72.56839, 23.04691], [72.56849, 23.04692], [72.56888, 23.04696], [72.56931, 23.04701], [72.56971, 23.04703], [72.57005, 23.04705], [72.57023, 23.04706], [72.57034, 23.04705], [72.57044, 23.04704], [72.57051, 23.04703]]}, "properties": {"corridor": "120 Feet Ring Road"}}, {"type": "Feature", "geometry": {"type": "LineString", "coordinates": [[72.57047, 23.04696], [72.57041, 23.04698], [72.57029, 23.04698], [72.57009, 23.04699], [72.56971, 23.04697], [72.56932, 23.04695], [72.56889, 23.04691], [72.56881, 23.0469], [72.5684, 23.04686], [72.56817, 23.04684], [72.56799, 23.04681]]}, "properties": {"corridor": "120 Feet Ring Road"}}, {"type": "Feature", "geometry": {"type": "LineString", "coordinates": [[72.56212, 23.00937], [72.56222, 23.00954], [72.56226, 23.00962], [72.56232, 23.00974], [72.56243, 23.00998], [72.56254, 23.01021], [72.56267, 23.01046], [72.56284, 23.01078], [72.56296, 23.01104], [72.563, 23.01113], [72.56301, 23.0112], [72.56306, 23.0113], [72.56312, 23.01141], [72.56319, 23.01154], [72.56325, 23.01167], [72.56339, 23.01193], [72.56347, 23.01207], [72.56356, 23.0122], [72.56373, 23.01247], [72.56383, 23.0126], [72.56391, 23.01272], [72.56411, 23.01299], [72.56422, 23.01313], [72.56431, 23.01326], [72.5645, 23.01353], [72.56462, 23.01371], [72.56469, 23.01381], [72.5648, 23.01395], [72.56483, 23.01399], [72.56497, 23.01419], [72.56501, 23.01424]]}, "properties": {"corridor": "Ashram Road"}}, {"type": "Feature", "geometry": {"type": "LineString", "coordinates": [[72.5547, 23.03963], [72.55452, 23.03976], [72.55436, 23.03985], [72.55412, 23.04], [72.55372, 23.04024], [72.55364, 23.0403], [72.55302, 23.04067], [72.55255, 23.04094], [72.55234, 23.04106], [72.55199, 23.04124], [72.55182, 23.04132], [72.55179, 23.04133], [72.55121, 23.0416], [72.55059, 23.04188], [72.55018, 23.04209], [72.54977, 23.0423], [72.54959, 23.04239], [72.54929, 23.04254], [72.54913, 23.04263]]}, "properties": {"corridor": "Drive-in Road"}}, {"type": "Feature", "geometry": {"type": "LineString", "coordinates": [[72.56397, 23.03948], [72.5639, 23.03944], [72.56362, 23.03931], [72.56333, 23.03916], [72.56295, 23.03887], [72.56294, 23.03886], [72.56246, 23.03846], [72.56198, 23.03793], [72.56167, 23.03751], [72.56148, 23.03719], [72.56141, 23.03707], [72.56124, 23.03672], [72.56121, 23.03661]]}, "properties": {"corridor": "Chimanlal Girdharlal Road"}}, {"type": "Feature", "geometry": {"type": "LineString", "coordinates": [[72.56113, 23.03664], [72.56118, 23.03674], [72.56135, 23.0371], [72.56142, 23.03722], [72.56161, 23.03754], [72.56175, 23.03772], [72.56193, 23.03797], [72.56232, 23.0384], [72.56241, 23.0385], [72.56289, 23.03891], [72.56329, 23.03921], [72.56357, 23.03937], [72.56367, 23.03943], [72.56386, 23.03952], [72.56394, 23.03956]]}, "properties": {"corridor": "Chimanlal Girdharlal Road"}}, {"type": "Feature", "geometry": {"type": "LineString", "coordinates": [[72.56117, 23.03648], [72.56111, 23.03634], [72.56101, 23.03601], [72.56089, 23.03565], [72.56085, 23.03543], [72.56082, 23.03531], [72.56071, 23.03482], [72.56067, 23.03462], [72.56061, 23.03435], [72.56057, 23.03416], [72.56051, 23.03395], [72.56049, 23.03388], [72.5604, 23.03356], [72.56034, 23.03337], [72.56028, 23.03318], [72.56021, 23.03297], [72.56014, 23.03277], [72.56011, 23.03268], [72.56009, 23.03263], [72.56004, 23.03249], [72.55993, 23.03223], [72.55975, 23.03186], [72.55964, 23.03162], [72.5596, 23.03153], [72.55953, 23.03134], [72.55921, 23.03069], [72.55903, 23.0303], [72.55895, 23.03015], [72.5585, 23.02936], [72.55846, 23.02927]]}, "properties": {"corridor": "Chimanlal Girdharlal Road"}}, {"type": "Feature", "geometry": {"type": "LineString", "coordinates": [[72.54916, 23.04268], [72.54932, 23.04259], [72.54962, 23.04244], [72.55021, 23.04214], [72.55062, 23.04193], [72.55124, 23.04166], [72.55185, 23.04137], [72.55237, 23.04111], [72.55293, 23.04079], [72.55305, 23.04072], [72.55376, 23.04029], [72.55441, 23.03993], [72.55473, 23.03982]]}, "properties": {"corridor": "Drive-in Road"}}, {"type": "Feature", "geometry": {"type": "LineString", "coordinates": [[72.54735, 23.04379], [72.54725, 23.04386], [72.54697, 23.04404], [72.5467, 23.04416], [72.54651, 23.04426], [72.54615, 23.0444], [72.54593, 23.04447], [72.54569, 23.04452], [72.54539, 23.04455], [72.54513, 23.04456], [72.54476, 23.04459], [72.54363, 23.04481], [72.5427, 23.045], [72.5426, 23.04502], [72.54239, 23.04506], [72.54233, 23.04508], [72.54218, 23.04512], [72.54203, 23.04517], [72.54193, 23.0452], [72.54191, 23.04521], [72.5417, 23.04529], [72.54164, 23.04531], [72.54147, 23.04538], [72.54145, 23.04538], [72.54115, 23.04552], [72.54085, 23.04566], [72.5406, 23.04573], [72.54035, 23.04575], [72.5403, 23.04575], [72.54027, 23.04575]]}, "properties": {"corridor": "Drive-in Road"}}, {"type": "Feature", "geometry": {"type": "LineString", "coordinates": [[72.54907, 23.04267], [72.54876, 23.04287], [72.54813, 23.04328], [72.54761, 23.04362], [72.54742, 23.04375]]}, "properties": {"corridor": "Drive-in Road"}}, {"type": "Feature", "geometry": {"type": "LineString", "coordinates": [[72.54027, 23.04575], [72.54012, 23.04577], [72.53982, 23.04581], [72.53973, 23.04582], [72.53956, 23.04582], [72.5393, 23.04583], [72.53863, 23.04584], [72.53818, 23.04584], [72.53711, 23.04584], [72.53658, 23.04588], [72.53635, 23.04588], [72.53603, 23.04589], [72.53591, 23.04589], [72.53505, 23.04587], [72.53448, 23.04586], [72.5344, 23.04586], [72.53368, 23.04585], [72.53363, 23.04585], [72.53359, 23.04585], [72.53356, 23.04585], [72.53347, 23.04585]]}, "properties": {"corridor": "Drive-in Road"}}, {"type": "Feature", "geometry": {"type": "LineString", "coordinates": [[72.53347, 23.04585], [72.53335, 23.04585], [72.53293, 23.04586], [72.53215, 23.04591], [72.53185, 23.04595], [72.53105, 23.04603], [72.53093, 23.04605], [72.53074, 23.04606], [72.53043, 23.04609], [72.53028, 23.04611], [72.52986, 23.04617], [72.52972, 23.0462], [72.52959, 23.04623], [72.52952, 23.04626], [72.5294, 23.0463], [72.52915, 23.0464], [72.52884, 23.04658], [72.52848, 23.04679], [72.52794, 23.04711], [72.52788, 23.04714], [72.52757, 23.04733], [72.52749, 23.04739], [72.52733, 23.04746], [72.52717, 23.04753], [72.52691, 23.04761], [72.52665, 23.0477], [72.52634, 23.04778], [72.52618, 23.04782], [72.52607, 23.04784], [72.52553, 23.04795], [72.52358, 23.04832], [72.52337, 23.04835], [72.5233, 23.04835], [72.5232, 23.04837], [72.52316, 23.04838], [72.52305, 23.04843], [72.52252, 23.04858], [72.52197, 23.04879], [72.52157, 23.04895], [72.52115, 23.04912], [72.52064, 23.04931], [72.52058, 23.04933], [72.52024, 23.04945], [72.51987, 23.04956], [72.51958, 23.04962], [72.51918, 23.04969], [72.51857, 23.04976], [72.51773, 23.04976]]}, "properties": {"corridor": "Drive-in Road"}}, {"type": "Feature", "geometry": {"type": "LineString", "coordinates": [[72.5176, 23.04997], [72.51781, 23.04996], [72.51895, 23.04985], [72.51912, 23.04982], [72.51934, 23.04979], [72.51956, 23.04975], [72.51992, 23.04965], [72.52027, 23.04953], [72.52061, 23.04941], [72.52067, 23.04938], [72.52118, 23.0492], [72.522, 23.04886], [72.52255, 23.04866], [72.52264, 23.04863], [72.52308, 23.04851], [72.5232, 23.04849], [72.52326, 23.04847], [72.52334, 23.04844], [72.5234, 23.04842], [72.52359, 23.04838], [72.52361, 23.04838], [72.524, 23.04831], [72.52447, 23.04822], [72.52554, 23.04802], [72.52608, 23.04791], [72.5262, 23.04788], [72.52635, 23.04784], [72.52659, 23.04778], [72.52667, 23.04776], [72.52689, 23.04769], [72.52694, 23.04767], [72.52695, 23.04767], [72.52711, 23.04762], [72.52719, 23.04759], [72.52752, 23.04744], [72.52777, 23.04728], [72.52792, 23.04719], [72.52887, 23.04664], [72.52919, 23.04646], [72.52942, 23.04636], [72.5296, 23.0463], [72.52973, 23.04626], [72.52987, 23.04623], [72.5303, 23.04618], [72.53045, 23.04615], [72.53053, 23.04615], [72.53066, 23.04614], [72.53094, 23.04611], [72.53133, 23.04607], [72.53185, 23.04601], [72.5319, 23.04601], [72.53217, 23.04598], [72.53221, 23.04598], [72.53294, 23.04593], [72.53315, 23.04592], [72.53335, 23.04591], [72.53347, 23.04591], [72.53355, 23.04591]]}, "properties": {"corridor": "Drive-in Road"}}, {"type": "Feature", "geometry": {"type": "LineString", "coordinates": [[72.53355, 23.04591], [72.53368, 23.04592], [72.53394, 23.04592], [72.5344, 23.04593], [72.53505, 23.04593], [72.5359, 23.04595], [72.53597, 23.04595], [72.53603, 23.04595], [72.53658, 23.04594], [72.53711, 23.04591], [72.53818, 23.04591], [72.5386, 23.0459], [72.5393, 23.04589], [72.53973, 23.04588], [72.5401, 23.04587]]}, "properties": {"corridor": "Drive-in Road"}}, {"type": "Feature", "geometry": {"type": "LineString", "coordinates": [[72.54458, 23.01566], [72.54452, 23.01581], [72.54438, 23.01642], [72.54422, 23.0172], [72.54418, 23.01737]]}, "properties": {"corridor": "120 Feet Ring Road"}}, {"type": "Feature", "geometry": {"type": "LineString", "coordinates": [[72.54435, 23.01744], [72.54439, 23.01725], [72.54445, 23.01697], [72.54453, 23.01658], [72.54459, 23.01635], [72.54465, 23.01602], [72.5447, 23.01584]]}, "properties": {"corridor": "120 Feet Ring Road"}}, {"type": "Feature", "geometry": {"type": "LineString", "coordinates": [[72.55291, 23.00449], [72.55279, 23.00464], [72.55262, 23.00481], [72.55236, 23.00504], [72.55205, 23.00535], [72.55175, 23.00565], [72.55157, 23.00586], [72.55113, 23.0063], [72.55107, 23.00638], [72.55064, 23.00681], [72.55057, 23.00687], [72.55052, 23.00693], [72.55011, 23.00732], [72.54972, 23.0077], [72.54951, 23.00789], [72.54937, 23.00804], [72.54899, 23.00842], [72.54863, 23.00879], [72.54846, 23.00895], [72.54842, 23.00899]]}, "properties": {"corridor": "120 Feet Ring Road"}}, {"type": "Feature", "geometry": {"type": "LineString", "coordinates": [[72.54832, 23.00908], [72.54817, 23.00921]]}, "properties": {"corridor": "120 Feet Ring Road"}}, {"type": "Feature", "geometry": {"type": "LineString", "coordinates": [[72.54823, 23.0093], [72.5483, 23.00924], [72.5485, 23.00908]]}, "properties": {"corridor": "120 Feet Ring Road"}}, {"type": "Feature", "geometry": {"type": "LineString", "coordinates": [[72.54999, 23.00769], [72.55024, 23.00744], [72.55054, 23.00714], [72.55075, 23.00696], [72.5512, 23.00651], [72.55158, 23.00613], [72.55167, 23.00604], [72.55183, 23.00588], [72.55194, 23.00576], [72.55223, 23.00546], [72.55248, 23.00519], [72.55275, 23.00491], [72.55295, 23.00473], [72.55308, 23.00463]]}, "properties": {"corridor": "120 Feet Ring Road"}}, {"type": "Feature", "geometry": {"type": "LineString", "coordinates": [[72.54857, 23.00903], [72.54862, 23.00898], [72.54879, 23.00882], [72.54911, 23.00852], [72.54977, 23.00789], [72.54989, 23.00778], [72.54999, 23.00769]]}, "properties": {"corridor": "120 Feet Ring Road"}}, {"type": "Feature", "geometry": {"type": "LineString", "coordinates": [[72.55835, 23.02926], [72.55842, 23.02938], [72.5587, 23.02985], [72.55888, 23.03018], [72.55894, 23.03029], [72.55916, 23.03071], [72.55945, 23.03135], [72.55952, 23.03154], [72.5596, 23.03167], [72.5597, 23.0319], [72.55986, 23.03227], [72.55996, 23.03252], [72.56, 23.03264], [72.56003, 23.0327], [72.56006, 23.03278], [72.56015, 23.033], [72.56022, 23.03326], [72.56024, 23.03334], [72.56026, 23.03338], [72.56033, 23.0336], [72.56048, 23.03418], [72.56052, 23.03431], [72.56053, 23.03437], [72.56065, 23.03485], [72.56069, 23.0351], [72.56075, 23.03539], [72.56076, 23.03546], [72.56083, 23.03568], [72.56093, 23.03605], [72.56104, 23.03637], [72.56109, 23.03651]]}, "properties": {"corridor": "Chimanlal Girdharlal Road"}}, {"type": "Feature", "geometry": {"type": "LineString", "coordinates": [[72.54865, 23.03565], [72.54862, 23.03581], [72.54863, 23.03594], [72.54864, 23.03625], [72.54865, 23.03632], [72.54865, 23.03662], [72.54866, 23.03699], [72.54865, 23.03738], [72.54866, 23.03774], [72.54867, 23.03783], [72.54867, 23.03811], [72.54867, 23.03848], [72.54867, 23.03876], [72.54868, 23.03885]]}, "properties": {"corridor": "120 Feet Ring Road"}}, {"type": "Feature", "geometry": {"type": "LineString", "coordinates": [[72.54878, 23.03886], [72.54877, 23.03872], [72.54875, 23.03839], [72.54875, 23.038], [72.54874, 23.03759], [72.54874, 23.03686], [72.54874, 23.03635], [72.54874, 23.03623], [72.54874, 23.03594], [72.54875, 23.03583], [72.54876, 23.03574], [72.54878, 23.03566]]}, "properties": {"corridor": "120 Feet Ring Road"}}, {"type": "Feature", "geometry": {"type": "LineString", "coordinates": [[72.54937, 23.03223], [72.54942, 23.03231], [72.54942, 23.03245], [72.5494, 23.03259], [72.54936, 23.03273]]}, "properties": {"corridor": "120 Feet Ring Road"}}, {"type": "Feature", "geometry": {"type": "LineString", "coordinates": [[72.54948, 23.03276], [72.5495, 23.03258], [72.54951, 23.03232], [72.5495, 23.03218], [72.54947, 23.03209]]}, "properties": {"corridor": "120 Feet Ring Road"}}, {"type": "Feature", "geometry": {"type": "LineString", "coordinates": [[72.5584, 23.02917], [72.5583, 23.02902], [72.55807, 23.02861], [72.55775, 23.02807], [72.55772, 23.02803], [72.55744, 23.02749], [72.55711, 23.02683], [72.55708, 23.02676], [72.55687, 23.02634], [72.55671, 23.026], [72.5566, 23.02577], [72.55644, 23.02546], [72.55635, 23.02528], [72.55629, 23.02513], [72.55623, 23.02496], [72.55617, 23.02475], [72.55612, 23.02456], [72.55608, 23.02439], [72.55606, 23.02417], [72.55605, 23.02411], [72.55605, 23.02407], [72.55605, 23.02388], [72.55606, 23.02356], [72.5561, 23.02322], [72.55617, 23.02282], [72.55619, 23.0227], [72.55618, 23.02257]]}, "properties": {"corridor": "Chimanlal Girdharlal Road"}}, {"type": "Feature", "geometry": {"type": "LineString", "coordinates": [[72.55614, 23.02256], [72.5561, 23.02281], [72.55608, 23.02294], [72.55604, 23.02321], [72.55599, 23.02356], [72.55598, 23.02387], [72.55599, 23.02417], [72.55602, 23.02441], [72.55605, 23.0246], [72.55609, 23.02475], [72.5561, 23.0248], [72.55616, 23.02499], [72.55623, 23.02517], [72.5563, 23.02531], [72.55639, 23.02552], [72.55653, 23.0258], [72.5568, 23.02637], [72.55704, 23.02683], [72.55731, 23.02738], [72.55738, 23.02751], [72.55769, 23.0281], [72.558, 23.02865], [72.55823, 23.02908], [72.55831, 23.02921]]}, "properties": {"corridor": "Chimanlal Girdharlal Road"}}, {"type": "Feature", "geometry": {"type": "LineString", "coordinates": [[72.54947, 23.03209], [72.54944, 23.03202], [72.54935, 23.03183], [72.54909, 23.03137], [72.54891, 23.03116], [72.54873, 23.03094], [72.54871, 23.03091], [72.54852, 23.03071], [72.5483, 23.03048], [72.54825, 23.03043], [72.54769, 23.02987], [72.5471, 23.02929], [72.54656, 23.0288]]}, "properties": {"corridor": "120 Feet Ring Road"}}, {"type": "Feature", "geometry": {"type": "LineString", "coordinates": [[72.54656, 23.0288], [72.54647, 23.02872], [72.54634, 23.02859], [72.54619, 23.02844], [72.54609, 23.02835], [72.54596, 23.02822], [72.54566, 23.02793], [72.5456, 23.02787], [72.54529, 23.02756], [72.54525, 23.02753], [72.54492, 23.0272], [72.5448, 23.02713]]}, "properties": {"corridor": "120 Feet Ring Road"}}, {"type": "Feature", "geometry": {"type": "LineString", "coordinates": [[72.54473, 23.02718], [72.54484, 23.02727], [72.54521, 23.02762], [72.5453, 23.02772], [72.54553, 23.02794], [72.54604, 23.02844], [72.54612, 23.02853], [72.54623, 23.02864], [72.54636, 23.02877]]}, "properties": {"corridor": "120 Feet Ring Road"}}, {"type": "Feature", "geometry": {"type": "LineString", "coordinates": [[72.54644, 23.02885], [72.54649, 23.0289], [72.54679, 23.02919], [72.547, 23.02938], [72.54759, 23.02997], [72.548, 23.03037], [72.54801, 23.03039], [72.54815, 23.03052], [72.54861, 23.031], [72.54897, 23.03145], [72.54923, 23.0319], [72.54932, 23.03207], [72.54935, 23.03216], [72.54937, 23.03223]]}, "properties": {"corridor": "120 Feet Ring Road"}}, {"type": "Feature", "geometry": {"type": "LineString", "coordinates": [[72.55623, 23.02247], [72.5563, 23.02236], [72.55634, 23.02229], [72.5565, 23.02197], [72.55659, 23.02181], [72.55661, 23.02177], [72.55674, 23.02152], [72.55695, 23.02105], [72.55716, 23.02054], [72.55737, 23.02001], [72.55743, 23.01986], [72.55744, 23.01982], [72.55745, 23.01974]]}, "properties": {"corridor": "Chimanlal Girdharlal Road"}}, {"type": "Feature", "geometry": {"type": "LineString", "coordinates": [[72.55735, 23.0197], [72.55732, 23.01981], [72.55727, 23.01996], [72.55706, 23.0205], [72.55686, 23.021], [72.55665, 23.02147], [72.55658, 23.02164], [72.55643, 23.02193], [72.55624, 23.02229], [72.55617, 23.02244]]}, "properties": {"corridor": "Chimanlal Girdharlal Road"}}, {"type": "Feature", "geometry": {"type": "LineString", "coordinates": [[72.55761, 23.01898], [72.55755, 23.01926], [72.55744, 23.01954], [72.55739, 23.0196]]}, "properties": {"corridor": "Chimanlal Girdharlal Road"}}, {"type": "Feature", "geometry": {"type": "LineString", "coordinates": [[72.55749, 23.01964], [72.55752, 23.01955], [72.55761, 23.01928], [72.55769, 23.019]]}, "properties": {"corridor": "Chimanlal Girdharlal Road"}}, {"type": "Feature", "geometry": {"type": "LineString", "coordinates": [[72.55905, 23.01498], [72.55914, 23.01482], [72.55918, 23.01474]]}, "properties": {"corridor": "Chimanlal Girdharlal Road"}}, {"type": "Feature", "geometry": {"type": "LineString", "coordinates": [[72.55923, 23.01469], [72.5593, 23.01455], [72.55958, 23.01421], [72.55965, 23.01413], [72.55987, 23.01388], [72.56003, 23.0137], [72.56032, 23.01344], [72.56056, 23.01321], [72.56087, 23.01292], [72.56117, 23.01266]]}, "properties": {"corridor": "Chimanlal Girdharlal Road"}}, {"type": "Feature", "geometry": {"type": "LineString", "coordinates": [[72.56306, 23.0111], [72.563, 23.01113], [72.56279, 23.01127], [72.56271, 23.01132], [72.56254, 23.01145], [72.56226, 23.01168], [72.56184, 23.01204], [72.56174, 23.01212], [72.56147, 23.01234], [72.5613, 23.01247], [72.56111, 23.01264], [72.56083, 23.01288], [72.56078, 23.01292], [72.56059, 23.0131], [72.56038, 23.0133], [72.56028, 23.0134], [72.55999, 23.01367], [72.55961, 23.01409], [72.55941, 23.01433], [72.55926, 23.01452], [72.55913, 23.01465], [72.55911, 23.0147], [72.55907, 23.0148], [72.55895, 23.01497], [72.55893, 23.01501]]}, "properties": {"corridor": "Chimanlal Girdharlal Road"}}, {"type": "Feature", "geometry": {"type": "LineString", "coordinates": [[72.56439, 23.01047], [72.56385, 23.01071], [72.5635, 23.01088], [72.56318, 23.01104], [72.56314, 23.01106], [72.56306, 23.0111]]}, "properties": {"corridor": "Chimanlal Girdharlal Road"}}, {"type": "Feature", "geometry": {"type": "LineString", "coordinates": [[72.56309, 23.01117], [72.56321, 23.01109], [72.56353, 23.01093], [72.5637, 23.01085], [72.56388, 23.01076], [72.56442, 23.01051]]}, "properties": {"corridor": "Chimanlal Girdharlal Road"}}, {"type": "Feature", "geometry": {"type": "LineString", "coordinates": [[72.57193, 23.05599], [72.57225, 23.05597], [72.57245, 23.05598], [72.57275, 23.05604], [72.57319, 23.0561], [72.57484, 23.05626], [72.57515, 23.05631], [72.57524, 23.05633], [72.57548, 23.05639], [72.57556, 23.05642], [72.57574, 23.05648], [72.57594, 23.05662], [72.57717, 23.05764], [72.57822, 23.05855], [72.57874, 23.05896], [72.57892, 23.05912], [72.57895, 23.05916], [72.57896, 23.05919]]}, "properties": {"corridor": "Ashram Road"}}, {"type": "Feature", "geometry": {"type": "LineString", "coordinates": [[72.59096, 23.05541], [72.59097, 23.05557], [72.59099, 23.05758], [72.59096, 23.05907], [72.59098, 23.05939], [72.59111, 23.0597], [72.59157, 23.06005], [72.59198, 23.06035], [72.5925, 23.06071], [72.593, 23.06104], [72.59321, 23.06116], [72.59346, 23.06129], [72.59461, 23.06186], [72.59464, 23.06188], [72.59536, 23.06222], [72.59586, 23.06246], [72.5959, 23.06247], [72.59664, 23.06282], [72.59695, 23.06296], [72.59703, 23.063], [72.59759, 23.06323], [72.59814, 23.06347], [72.59903, 23.06386], [72.5992, 23.06403], [72.59932, 23.06415], [72.59946, 23.06437], [72.59991, 23.0651], [72.60023, 23.0656], [72.60033, 23.06584], [72.60035, 23.06591], [72.6004, 23.06606], [72.60049, 23.06652], [72.60058, 23.06686], [72.60077, 23.06725], [72.60105, 23.06771], [72.60172, 23.06884], [72.60309, 23.07112], [72.60342, 23.07151], [72.60418, 23.07228], [72.60508, 23.07319], [72.60562, 23.07373], [72.60575, 23.07386], [72.60659, 23.07494], [72.60669, 23.07507]]}, "properties": {"corridor": "Airport Road"}}, {"type": "Feature", "geometry": {"type": "LineString", "coordinates": [[72.61629, 23.08136], [72.61609, 23.08132], [72.6159, 23.08125], [72.61567, 23.08117], [72.61465, 23.08074], [72.61444, 23.08065], [72.61285, 23.07998], [72.61184, 23.07955], [72.60986, 23.07873], [72.6096, 23.07859], [72.60943, 23.07842], [72.60914, 23.07805], [72.60873, 23.07755], [72.60851, 23.07726], [72.60784, 23.07639], [72.6071, 23.07548], [72.60686, 23.07519], [72.60679, 23.0751], [72.60674, 23.07504], [72.60664, 23.07491], [72.60579, 23.07382], [72.60566, 23.07369], [72.60347, 23.07148], [72.60314, 23.07109], [72.60177, 23.06881], [72.6011, 23.06768], [72.60082, 23.06723], [72.60064, 23.06684], [72.60055, 23.0665], [72.60046, 23.06605], [72.60041, 23.06589], [72.60038, 23.06582], [72.60028, 23.06557], [72.59996, 23.06507], [72.59937, 23.06412], [72.59925, 23.06399], [72.59907, 23.06381], [72.59756, 23.06316], [72.59705, 23.06295], [72.59697, 23.06291], [72.59667, 23.06277], [72.59589, 23.06241], [72.59577, 23.06235], [72.59543, 23.06219], [72.59463, 23.06181], [72.59366, 23.06131], [72.59303, 23.061], [72.59275, 23.06081], [72.59253, 23.06067], [72.59202, 23.0603], [72.59164, 23.06003], [72.59161, 23.06], [72.59119, 23.05967], [72.59117, 23.05965], [72.59106, 23.05938], [72.59102, 23.05907], [72.59104, 23.05848], [72.59105, 23.05791], [72.59105, 23.05759], [72.59108, 23.0566], [72.59108, 23.05636], [72.59108, 23.05632], [72.59106, 23.05587], [72.59106, 23.05578], [72.59105, 23.05557], [72.59103, 23.05538]]}, "properties": {"corridor": "Airport Road"}}, {"type": "Feature", "geometry": {"type": "LineString", "coordinates": [[72.62699, 23.08573], [72.62637, 23.0857], [72.62532, 23.08566], [72.6247, 23.08564], [72.62422, 23.08562], [72.62229, 23.08551], [72.62197, 23.08547], [72.6217, 23.08537], [72.62146, 23.08519], [72.6211, 23.08485], [72.62097, 23.08465], [72.62085, 23.08437], [72.62072, 23.08403], [72.62068, 23.08392], [72.62044, 23.08338], [72.62031, 23.08318], [72.62023, 23.08311]]}, "properties": {"corridor": "Airport Road"}}, {"type": "Feature", "geometry": {"type": "LineString", "coordinates": [[72.62037, 23.07523], [72.62034, 23.07533], [72.6203, 23.07539], [72.61961, 23.07605], [72.61948, 23.0762], [72.61938, 23.07638], [72.61908, 23.07717], [72.61896, 23.07741], [72.61892, 23.07749], [72.61807, 23.07893], [72.61768, 23.07958], [72.6175, 23.07983], [72.61656, 23.08113], [72.61635, 23.08135]]}, "properties": {"corridor": "Airport Road"}}, {"type": "Feature", "geometry": {"type": "LineString", "coordinates": [[72.61653, 23.08143], [72.61668, 23.08123], [72.61676, 23.08112], [72.61761, 23.07988], [72.61778, 23.07964], [72.61818, 23.07899], [72.61902, 23.07751], [72.6191, 23.07737], [72.61916, 23.07728], [72.61969, 23.07633], [72.6199, 23.07601], [72.6202, 23.07565], [72.62043, 23.07543], [72.62052, 23.07538]]}, "properties": {"corridor": "Airport Road"}}, {"type": "Feature", "geometry": {"type": "LineString", "coordinates": [[72.61641, 23.08176], [72.61666, 23.08185], [72.61679, 23.08194], [72.617, 23.08213], [72.61718, 23.08227], [72.61738, 23.08242], [72.61756, 23.08255], [72.6178, 23.08263], [72.61808, 23.08268], [72.61962, 23.0829], [72.61969, 23.08292], [72.61994, 23.08302], [72.61999, 23.08304], [72.62015, 23.08317], [72.62023, 23.08323], [72.62041, 23.08356], [72.6205, 23.08377], [72.62075, 23.08441], [72.62078, 23.08449], [72.6208, 23.08452], [72.62083, 23.0846], [72.62088, 23.08471], [72.62102, 23.08492], [72.62139, 23.08528], [72.62168, 23.08546], [72.62194, 23.08555], [72.62215, 23.08558], [72.62226, 23.08559], [72.62381, 23.08567], [72.62422, 23.08569], [72.6247, 23.08571], [72.62544, 23.08574], [72.62583, 23.08576], [72.62622, 23.08578], [72.62697, 23.08581]]}, "properties": {"corridor": "Airport Road"}}, {"type": "Feature", "geometry": {"type": "LineString", "coordinates": [[72.62988, 23.08589], [72.62987, 23.08595], [72.62988, 23.086], [72.62991, 23.08605], [72.62995, 23.0861], [72.63001, 23.08612], [72.63007, 23.08613], [72.63013, 23.08612], [72.63019, 23.08608], [72.63022, 23.08605], [72.63024, 23.086], [72.63025, 23.08595], [72.63024, 23.08589], [72.6302, 23.08584], [72.63015, 23.0858], [72.6301, 23.08578], [72.63004, 23.08578], [72.63, 23.08579], [72.62996, 23.08581], [72.62992, 23.08584], [72.62988, 23.08589]]}, "properties": {"corridor": "Airport Road"}}, {"type": "Feature", "geometry": {"type": "LineString", "coordinates": [[72.63024, 23.086], [72.63036, 23.08595], [72.6305, 23.08594], [72.63255, 23.086], [72.63387, 23.08604], [72.63461, 23.08606], [72.63483, 23.08607], [72.63531, 23.08608], [72.63547, 23.08609], [72.636, 23.08612], [72.6361, 23.08612], [72.63617, 23.08612], [72.63647, 23.08612], [72.6368, 23.08613], [72.63715, 23.08614], [72.63733, 23.08615], [72.63774, 23.08616], [72.63818, 23.08616], [72.63838, 23.08617], [72.63945, 23.08619], [72.63957, 23.08619], [72.63985, 23.08619], [72.63996, 23.08619]]}, "properties": {"corridor": "Airport Road"}}, {"type": "Feature", "geometry": {"type": "LineString", "coordinates": [[72.65158, 23.0901], [72.65176, 23.0902], [72.65193, 23.0903], [72.6534, 23.09108], [72.65464, 23.09178], [72.65584, 23.09242], [72.65641, 23.09275], [72.6573, 23.09325], [72.65752, 23.09337], [72.65786, 23.09356], [72.65843, 23.0939], [72.65854, 23.09396], [72.65898, 23.09422], [72.65963, 23.09461], [72.66015, 23.09491], [72.66033, 23.09502], [72.66117, 23.0955], [72.66142, 23.09565], [72.66161, 23.09576], [72.66208, 23.09603], [72.66221, 23.09611], [72.66256, 23.0963], [72.66266, 23.09636], [72.66372, 23.09695], [72.66411, 23.09718], [72.66495, 23.09767], [72.66506, 23.09773], [72.66606, 23.09828], [72.66681, 23.09873], [72.66694, 23.09875], [72.66701, 23.09876], [72.66711, 23.09875], [72.6672, 23.09874], [72.6673, 23.0987]]}, "properties": {"corridor": "Airport Road"}}, {"type": "Feature", "geometry": {"type": "LineString", "coordinates": [[72.65164, 23.09001], [72.65158, 23.0901], [72.65153, 23.09017], [72.65111, 23.09062], [72.65056, 23.09111], [72.65033, 23.09132], [72.6497, 23.09187], [72.64868, 23.09278], [72.6485, 23.09286], [72.64819, 23.09285], [72.64803, 23.09275], [72.64758, 23.09235], [72.6424, 23.08755], [72.64151, 23.08674], [72.6412, 23.08645], [72.64097, 23.0863], [72.64069, 23.08622], [72.64064, 23.0862], [72.64056, 23.08619], [72.64025, 23.08615], [72.64019, 23.08615], [72.63999, 23.08613]]}, "properties": {"corridor": "Airport Road"}}, {"type": "Feature", "geometry": {"type": "LineString", "coordinates": [[72.63996, 23.08619], [72.6402, 23.08621], [72.64027, 23.08622], [72.64054, 23.08626], [72.64062, 23.08627], [72.64073, 23.08631], [72.64091, 23.08637], [72.64113, 23.08652], [72.64146, 23.08681], [72.64147, 23.08682], [72.64176, 23.08709], [72.64233, 23.08761], [72.64654, 23.09149], [72.64753, 23.0924], [72.64798, 23.09281], [72.64817, 23.09292], [72.64852, 23.09293], [72.64873, 23.09284], [72.65129, 23.09059], [72.65158, 23.09034], [72.65176, 23.0902], [72.65182, 23.09012]]}, "properties": {"corridor": "Airport Road"}}, {"type": "Feature", "geometry": {"type": "LineString", "coordinates": [[72.56275, 23.06753], [72.56286, 23.06754], [72.56311, 23.06754], [72.56345, 23.0676], [72.5642, 23.06766], [72.56436, 23.06772], [72.56462, 23.06772], [72.56561, 23.0677], [72.56648, 23.06769], [72.56665, 23.0677], [72.56672, 23.0677], [72.56706, 23.06769], [72.56787, 23.06769], [72.56813, 23.0677], [72.56824, 23.0677], [72.56898, 23.0677], [72.56912, 23.0677], [72.56965, 23.06769], [72.57027, 23.06769], [72.57034, 23.06769], [72.57048, 23.06769], [72.5707, 23.0677], [72.57127, 23.06771], [72.57132, 23.06771], [72.57134, 23.06771], [72.5716, 23.06771], [72.57167, 23.06771], [72.57172, 23.06771], [72.5718, 23.06771], [72.57206, 23.06771], [72.57216, 23.06771], [72.5733, 23.06778], [72.57371, 23.0678], [72.57455, 23.06779], [72.57497, 23.06779], [72.57547, 23.06778], [72.57584, 23.06777], [72.57642, 23.06776], [72.57652, 23.06776], [72.577, 23.06777], [72.57749, 23.06778], [72.57781, 23.0678], [72.57852, 23.06797], [72.57936, 23.06816], [72.5803, 23.06838], [72.58082, 23.06851], [72.58119, 23.06864], [72.58134, 23.06872], [72.58149, 23.06879]]}, "properties": {"corridor": "132 Ft. Ring Road"}}, {"type": "Feature", "geometry": {"type": "LineString", "coordinates": [[72.54379, 23.04769], [72.54381, 23.04771], [72.54456, 23.04868], [72.54465, 23.04881], [72.54478, 23.04898], [72.54514, 23.04946], [72.54549, 23.04987]]}, "properties": {"corridor": "132 Ft. Ring Road"}}, {"type": "Feature", "geometry": {"type": "LineString", "coordinates": [[72.54564, 23.04981], [72.54517, 23.04922], [72.54454, 23.04846], [72.5444, 23.04827], [72.54401, 23.04777], [72.54392, 23.04764]]}, "properties": {"corridor": "132 Ft. Ring Road"}}, {"type": "Feature", "geometry": {"type": "LineString", "coordinates": [[72.55823, 23.06582], [72.55796, 23.06566], [72.55741, 23.06534], [72.55735, 23.06531], [72.55699, 23.0651], [72.55674, 23.06496], [72.55652, 23.06482], [72.55593, 23.06445], [72.55557, 23.06424], [72.55536, 23.0641], [72.55497, 23.06381], [72.55437, 23.0633], [72.55435, 23.06329], [72.55427, 23.06322], [72.55422, 23.06318], [72.55406, 23.06304], [72.55398, 23.06296], [72.55388, 23.06288], [72.55384, 23.06284], [72.55378, 23.0628], [72.55375, 23.06277], [72.5535, 23.06255], [72.55337, 23.06242], [72.55322, 23.0623], [72.55283, 23.06197], [72.55258, 23.06176], [72.55253, 23.06171], [72.55242, 23.06161], [72.55223, 23.0614], [72.55203, 23.06116], [72.55185, 23.06095], [72.55176, 23.06082], [72.55153, 23.06053], [72.55117, 23.06006], [72.55085, 23.0597], [72.55065, 23.05942], [72.55034, 23.05895], [72.54976, 23.05811], [72.54961, 23.05788], [72.54926, 23.05731], [72.54907, 23.05705], [72.54874, 23.05654], [72.54845, 23.05609], [72.54839, 23.056]]}, "properties": {"corridor": "132 Ft. Ring Road"}}, {"type": "Feature", "geometry": {"type": "LineString", "coordinates": [[72.54828, 23.05609], [72.54832, 23.05615], [72.54837, 23.05622], [72.54895, 23.05712], [72.54899, 23.0572], [72.54909, 23.05739], [72.54921, 23.05758], [72.5494, 23.05788], [72.54965, 23.05821], [72.54984, 23.05848], [72.55022, 23.05902], [72.55026, 23.05908], [72.55052, 23.05949], [72.55074, 23.05978], [72.55089, 23.05995], [72.55106, 23.06014], [72.55137, 23.06054], [72.55164, 23.06089], [72.55174, 23.06103], [72.55191, 23.06124], [72.55208, 23.06144], [72.55212, 23.06148], [72.55231, 23.06169], [72.55242, 23.06181], [72.55248, 23.06186], [72.55272, 23.0621], [72.55321, 23.06252], [72.55354, 23.06277], [72.554, 23.06316], [72.55402, 23.06318], [72.55431, 23.06343], [72.55461, 23.06369], [72.55474, 23.06381], [72.55495, 23.06397], [72.55515, 23.06413], [72.55519, 23.06416], [72.55549, 23.06439], [72.55569, 23.06454], [72.55615, 23.0648], [72.55618, 23.06481], [72.55652, 23.06499], [72.55697, 23.06526], [72.55754, 23.06556], [72.5579, 23.06573], [72.55818, 23.06588]]}, "properties": {"corridor": "132 Ft. Ring Road"}}, {"type": "Feature", "geometry": {"type": "LineString", "coordinates": [[72.56244, 23.06726], [72.56238, 23.06727], [72.56227, 23.06729], [72.56218, 23.06729], [72.56209, 23.06728], [72.56204, 23.06727], [72.56111, 23.06696], [72.56105, 23.06695]]}, "properties": {"corridor": "132 Ft. Ring Road"}}, {"type": "Feature", "geometry": {"type": "LineString", "coordinates": [[72.56092, 23.06698], [72.56132, 23.06712], [72.56206, 23.06739], [72.5623, 23.06749], [72.56238, 23.06748]]}, "properties": {"corridor": "132 Ft. Ring Road"}}, {"type": "Feature", "geometry": {"type": "LineString", "coordinates": [[72.54046, 23.04255], [72.54023, 23.04225], [72.54018, 23.04218], [72.53977, 23.04165], [72.53947, 23.04124], [72.5392, 23.04079], [72.53907, 23.04055], [72.53852, 23.03938], [72.53834, 23.03905], [72.53809, 23.03859], [72.53766, 23.03769], [72.53743, 23.03722], [72.53715, 23.03668], [72.53714, 23.03666], [72.53689, 23.03614], [72.53675, 23.03584], [72.53649, 23.03536], [72.53624, 23.0349], [72.53589, 23.03423], [72.53578, 23.03404], [72.5357, 23.03394], [72.53558, 23.03385], [72.53487, 23.03301], [72.53417, 23.03222], [72.53397, 23.03199], [72.53374, 23.03173], [72.53352, 23.03142], [72.53303, 23.03063], [72.53282, 23.03029], [72.53276, 23.03018], [72.53266, 23.02999], [72.53235, 23.0295], [72.53216, 23.02921], [72.53207, 23.02905], [72.53193, 23.02873], [72.53177, 23.02837], [72.53171, 23.02824]]}, "properties": {"corridor": "132 Ft. Ring Road"}}, {"type": "Feature", "geometry": {"type": "LineString", "coordinates": [[72.53167, 23.02814], [72.53162, 23.02802], [72.53151, 23.02775], [72.53142, 23.02755], [72.53119, 23.02689]]}, "properties": {"corridor": "132 Ft. Ring Road"}}, {"type": "Feature", "geometry": {"type": "LineString", "coordinates": [[72.53155, 23.0283], [72.53163, 23.02843], [72.53178, 23.02878], [72.53191, 23.02904], [72.53194, 23.02911], [72.53203, 23.02928], [72.53218, 23.02953], [72.5322, 23.02957], [72.53221, 23.02959], [72.5325, 23.03006], [72.53268, 23.03033], [72.5327, 23.03036], [72.5329, 23.03069], [72.5334, 23.03149], [72.53363, 23.03181], [72.53386, 23.03207], [72.53394, 23.03216], [72.53476, 23.03309], [72.53547, 23.03392], [72.53555, 23.03405], [72.53563, 23.03415], [72.53574, 23.03428], [72.53609, 23.03497], [72.53637, 23.03542], [72.53663, 23.03589], [72.53676, 23.03619], [72.53702, 23.03672], [72.53702, 23.03674], [72.53704, 23.03677], [72.53706, 23.03681], [72.5373, 23.03728], [72.53754, 23.03774], [72.53797, 23.03863], [72.53822, 23.03911], [72.53834, 23.03939], [72.53862, 23.04], [72.53894, 23.0406], [72.53907, 23.04085], [72.53935, 23.04131], [72.53966, 23.04173], [72.54006, 23.04225], [72.54034, 23.0426], [72.54037, 23.04263]]}, "properties": {"corridor": "132 Ft. Ring Road"}}, {"type": "Feature", "geometry": {"type": "LineString", "coordinates": [[72.53107, 23.02701], [72.53127, 23.0276], [72.53146, 23.02808], [72.53151, 23.02821]]}, "properties": {"corridor": "132 Ft. Ring Road"}}, {"type": "Feature", "geometry": {"type": "LineString", "coordinates": [[72.53026, 23.02101], [72.53025, 23.02085], [72.53025, 23.02078], [72.53021, 23.01972], [72.5302, 23.01935], [72.5302, 23.01929], [72.5302, 23.01924], [72.53019, 23.01919], [72.53018, 23.01885], [72.53016, 23.01818], [72.53016, 23.01802], [72.53017, 23.01782], [72.53018, 23.0175], [72.53019, 23.01716], [72.53036, 23.01606], [72.53037, 23.01604], [72.53039, 23.01591], [72.53039, 23.01587], [72.53053, 23.01514], [72.5306, 23.01475], [72.53061, 23.0147]]}, "properties": {"corridor": "132 Ft. Ring Road"}}, {"type": "Feature", "geometry": {"type": "LineString", "coordinates": [[72.53075, 23.01291], [72.53066, 23.01327], [72.53065, 23.01333], [72.53063, 23.01346], [72.53056, 23.01425], [72.53054, 23.01446], [72.53053, 23.01453], [72.53053, 23.0146]]}, "properties": {"corridor": "132 Ft. Ring Road"}}, {"type": "Feature", "geometry": {"type": "LineString", "coordinates": [[72.53772, 22.99647], [72.5376, 22.99673], [72.5373, 22.99731], [72.53697, 22.99798], [72.53672, 22.9985], [72.53671, 22.99853], [72.53644, 22.99917], [72.5364, 22.99925], [72.53601, 23.00011], [72.53586, 23.00044], [72.53575, 23.00065], [72.53537, 23.00154], [72.53519, 23.00195], [72.53515, 23.00202], [72.53512, 23.00209], [72.53508, 23.00218], [72.53497, 23.00241], [72.53488, 23.00262], [72.53471, 23.00298], [72.53466, 23.00311], [72.53452, 23.00341], [72.53444, 23.00359], [72.53437, 23.00373], [72.53426, 23.00393], [72.53415, 23.00414], [72.53406, 23.00431], [72.53314, 23.00612], [72.53299, 23.00642], [72.53297, 23.00646], [72.53289, 23.00662]]}, "properties": {"corridor": "132 Ft. Ring Road"}}, {"type": "Feature", "geometry": {"type": "LineString", "coordinates": [[72.53295, 23.00667], [72.53304, 23.00648], [72.53306, 23.00644], [72.53347, 23.00563], [72.5338, 23.00501], [72.53394, 23.00476], [72.53434, 23.00396], [72.53443, 23.00376], [72.53447, 23.00368], [72.5348, 23.00297], [72.53487, 23.00281], [72.53495, 23.0026], [72.53501, 23.00248], [72.53519, 23.00212], [72.53522, 23.00206], [72.53529, 23.00191], [72.53538, 23.0017], [72.53549, 23.00147], [72.5356, 23.00121], [72.53584, 23.00066], [72.53599, 23.00031], [72.53602, 23.00025], [72.53611, 23.00006], [72.53652, 22.99918], [72.53689, 22.99832], [72.53711, 22.99786], [72.53737, 22.99733], [72.53765, 22.9968], [72.53781, 22.9965]]}, "properties": {"corridor": "132 Ft. Ring Road"}}, {"type": "Feature", "geometry": {"type": "LineString", "coordinates": [[72.49809, 22.93699], [72.49841, 22.93682], [72.49932, 22.93655], [72.50004, 22.93643], [72.50347, 22.93616]]}, "properties": {"corridor": "Sardar Patel Ring Road"}}, {"type": "Feature", "geometry": {"type": "LineString", "coordinates": [[72.49268, 22.93927], [72.48765, 22.94262], [72.48695, 22.94322], [72.48644, 22.94382], [72.48592, 22.94466], [72.48541, 22.94548], [72.48525, 22.94562], [72.48518, 22.94566], [72.48507, 22.9457]]}, "properties": {"corridor": "Sardar Patel Ring Road"}}, {"type": "Feature", "geometry": {"type": "LineString", "coordinates": [[72.53414, 22.93319], [72.53408, 22.93323], [72.53387, 22.93333], [72.53374, 22.93338], [72.53359, 22.93344], [72.53326, 22.93352], [72.53291, 22.93356], [72.53217, 22.93362], [72.52895, 22.93388], [72.52468, 22.93424], [72.52443, 22.93427], [72.52209, 22.93451], [72.52111, 22.93459], [72.52028, 22.93465], [72.51975, 22.93469], [72.51932, 22.93474], [72.51864, 22.93484], [72.51359, 22.9353], [72.50879, 22.93565], [72.5052, 22.93591], [72.50346, 22.93604], [72.49995, 22.93632], [72.49928, 22.93643], [72.49825, 22.93672], [72.49801, 22.93676], [72.49795, 22.93677]]}, "properties": {"corridor": "Sardar Patel Ring Road"}}, {"type": "Feature", "geometry": {"type": "LineString", "coordinates": [[72.47269, 22.97491], [72.47273, 22.97469], [72.47308, 22.9739], [72.47339, 22.97323], [72.47368, 22.97264]]}, "properties": {"corridor": "Sardar Patel Ring Road"}}, {"type": "Feature", "geometry": {"type": "LineString", "coordinates": [[72.47357, 22.97259], [72.47323, 22.97311], [72.47291, 22.97381], [72.47255, 22.9746], [72.47255, 22.97476]]}, "properties": {"corridor": "Sardar Patel Ring Road"}}, {"type": "Feature", "geometry": {"type": "LineString", "coordinates": [[72.47357, 22.97259], [72.47335, 22.97309], [72.473, 22.97386], [72.47266, 22.97461], [72.47255, 22.97476]]}, "properties": {"corridor": "Sardar Patel Ring Road"}}, {"type": "Feature", "geometry": {"type": "LineString", "coordinates": [[72.47357, 22.97259], [72.47328, 22.97311], [72.47295, 22.97384], [72.4726, 22.97461], [72.47255, 22.97476]]}, "properties": {"corridor": "Sardar Patel Ring Road"}}, {"type": "Feature", "geometry": {"type": "LineString", "coordinates": [[72.47269, 22.97491], [72.47275, 22.97477], [72.47278, 22.97471], [72.47313, 22.97392], [72.47342, 22.97324], [72.47368, 22.97264]]}, "properties": {"corridor": "Sardar Patel Ring Road"}}, {"type": "Feature", "geometry": {"type": "LineString", "coordinates": [[72.47269, 22.97491], [72.47278, 22.97479], [72.47285, 22.97466], [72.47316, 22.97393], [72.47346, 22.97325], [72.47368, 22.97264]]}, "properties": {"corridor": "Sardar Patel Ring Road"}}, {"type": "Feature", "geometry": {"type": "LineString", "coordinates": [[72.47255, 22.97476], [72.47249, 22.97491], [72.47242, 22.97507], [72.47226, 22.97545], [72.47206, 22.97589], [72.47188, 22.97633], [72.47169, 22.97676], [72.47152, 22.97717], [72.47142, 22.97743], [72.47131, 22.97778], [72.4712, 22.97814], [72.47111, 22.97854], [72.47105, 22.97886], [72.47102, 22.97914], [72.47095, 22.98002], [72.47093, 22.98054], [72.47093, 22.98094], [72.47096, 22.98138]]}, "properties": {"corridor": "Sardar Patel Ring Road"}}, {"type": "Feature", "geometry": {"type": "LineString", "coordinates": [[72.47248, 22.99512], [72.47258, 22.99588], [72.47268, 22.99649], [72.47277, 22.9969], [72.47289, 22.99729], [72.47371, 22.99941], [72.47512, 23.00306], [72.47521, 23.00332], [72.47523, 23.00338], [72.4753, 23.00357], [72.47534, 23.00368], [72.47563, 23.00446], [72.47567, 23.00457], [72.4758, 23.00492]]}, "properties": {"corridor": "Sardar Patel Ring Road"}}, {"type": "Feature", "geometry": {"type": "LineString", "coordinates": [[72.48014, 23.05341], [72.48021, 23.05366], [72.4803, 23.05391], [72.4809, 23.05581], [72.48157, 23.05776], [72.48171, 23.05814], [72.48198, 23.05873], [72.4822, 23.05916], [72.48269, 23.06015], [72.48519, 23.06522], [72.48525, 23.06534], [72.48644, 23.06773], [72.48673, 23.06837], [72.48697, 23.06897], [72.48703, 23.06914], [72.48706, 23.06921], [72.48742, 23.07022], [72.48771, 23.07099], [72.48835, 23.07273], [72.48878, 23.0739]]}, "properties": {"corridor": "Sardar Patel Ring Road"}}, {"type": "Feature", "geometry": {"type": "LineString", "coordinates": [[72.49427, 23.08876], [72.49434, 23.08894], [72.49485, 23.09041], [72.49526, 23.0915], [72.49539, 23.09184], [72.49557, 23.09233], [72.49569, 23.09266], [72.49761, 23.09779], [72.49831, 23.09969], [72.50025, 23.10486], [72.50124, 23.10757], [72.5032, 23.11292], [72.50437, 23.11602], [72.50439, 23.11614], [72.50439, 23.11625], [72.50437, 23.11638]]}, "properties": {"corridor": "Sardar Patel Ring Road"}}, {"type": "Feature", "geometry": {"type": "LineString", "coordinates": [[72.48891, 23.07386], [72.4889, 23.07384], [72.48848, 23.0727], [72.48783, 23.07095], [72.48754, 23.07018], [72.48713, 23.06905], [72.48707, 23.06892], [72.48701, 23.06874], [72.48697, 23.06865], [72.48684, 23.06833], [72.48656, 23.06769], [72.48537, 23.06531], [72.4853, 23.06516], [72.48485, 23.06423], [72.4828, 23.0601], [72.4823, 23.05909], [72.48209, 23.05868], [72.48183, 23.05811], [72.48169, 23.05773], [72.48105, 23.05584], [72.48047, 23.05405], [72.48041, 23.05387], [72.48029, 23.05348], [72.48026, 23.05333]]}, "properties": {"corridor": "Sardar Patel Ring Road"}}, {"type": "Feature", "geometry": {"type": "LineString", "coordinates": [[72.50464, 23.11632], [72.50392, 23.11449], [72.50326, 23.11274], [72.50304, 23.11213], [72.50216, 23.10975], [72.50088, 23.10626], [72.49967, 23.103], [72.49841, 23.09958], [72.49796, 23.09837], [72.49687, 23.09546], [72.49549, 23.09175], [72.49528, 23.09116], [72.49523, 23.09103], [72.49451, 23.08908], [72.49438, 23.08868]]}, "properties": {"corridor": "Sardar Patel Ring Road"}}, {"type": "Feature", "geometry": {"type": "LineString", "coordinates": [[72.50985, 23.12253], [72.51009, 23.12263], [72.51029, 23.12274], [72.51107, 23.12334], [72.51199, 23.12403], [72.51655, 23.12734], [72.51774, 23.1282], [72.52099, 23.13055], [72.52395, 23.13269], [72.52473, 23.13321], [72.52554, 23.13368], [72.52688, 23.1344], [72.52759, 23.1347], [72.5279, 23.1348], [72.52829, 23.13492], [72.52965, 23.13536], [72.53111, 23.13569], [72.53647, 23.13658], [72.53743, 23.13664], [72.53831, 23.13662], [72.53928, 23.13654]]}, "properties": {"corridor": "Sardar Patel Ring Road"}}, {"type": "Feature", "geometry": {"type": "LineString", "coordinates": [[72.63167, 23.11695], [72.63188, 23.11683], [72.63205, 23.11677], [72.63247, 23.11668], [72.63326, 23.11651], [72.63439, 23.11629], [72.63577, 23.11599], [72.63951, 23.11535], [72.63998, 23.11532], [72.64034, 23.11529], [72.64283, 23.11542], [72.64335, 23.11542], [72.6443, 23.11544], [72.64641, 23.11547]]}, "properties": {"corridor": "Sardar Patel Ring Road"}}, {"type": "Feature", "geometry": {"type": "LineString", "coordinates": [[72.64039, 23.11519], [72.64023, 23.11518], [72.63949, 23.11523], [72.63575, 23.11586], [72.63437, 23.11617], [72.63321, 23.11641], [72.63244, 23.11654], [72.63198, 23.11663], [72.63183, 23.11664], [72.6317, 23.11663], [72.63162, 23.11662]]}, "properties": {"corridor": "Sardar Patel Ring Road"}}, {"type": "Feature", "geometry": {"type": "LineString", "coordinates": [[72.6516, 23.1156], [72.65304, 23.11564], [72.65475, 23.11564], [72.65629, 23.11566], [72.65666, 23.11564], [72.65703, 23.11557], [72.65826, 23.11531], [72.65837, 23.11529], [72.65854, 23.11525], [72.66429, 23.11419]]}, "properties": {"corridor": "Sardar Patel Ring Road"}}, {"type": "Feature", "geometry": {"type": "LineString", "coordinates": [[72.65161, 23.11548], [72.6491, 23.11539], [72.6464, 23.11534]]}, "properties": {"corridor": "Sardar Patel Ring Road"}}, {"type": "Feature", "geometry": {"type": "LineString", "coordinates": [[72.66418, 23.11409], [72.65852, 23.11513], [72.65833, 23.11517], [72.65822, 23.11519], [72.65701, 23.11545], [72.65664, 23.11552], [72.65629, 23.11555], [72.65476, 23.11552], [72.65304, 23.11553], [72.65231, 23.11547], [72.65203, 23.11547], [72.65161, 23.11548]]}, "properties": {"corridor": "Sardar Patel Ring Road"}}, {"type": "Feature", "geometry": {"type": "LineString", "coordinates": [[72.69444, 22.95129], [72.69048, 22.95342], [72.68122, 22.95839], [72.68068, 22.95868]]}, "properties": {"corridor": "Ahmadabad Vadodara Expressway"}}, {"type": "Feature", "geometry": {"type": "LineString", "coordinates": [[72.6945, 22.95142], [72.69465, 22.95134]]}, "properties": {"corridor": "Ahmadabad Vadodara Expressway"}}, {"type": "Feature", "geometry": {"type": "LineString", "coordinates": [[72.69458, 22.95121], [72.69444, 22.95129]]}, "properties": {"corridor": "Ahmadabad Vadodara Expressway"}}, {"type": "Feature", "geometry": {"type": "LineString", "coordinates": [[72.69465, 22.95134], [72.69552, 22.95086], [72.69868, 22.94916]]}, "properties": {"corridor": "Ahmadabad Vadodara Expressway"}}, {"type": "Feature", "geometry": {"type": "LineString", "coordinates": [[72.56192, 23.04764], [72.56206, 23.0476], [72.56235, 23.04754], [72.56263, 23.04747], [72.56285, 23.04742]]}, "properties": {"corridor": "120 Feet Ring Road"}}, {"type": "Feature", "geometry": {"type": "LineString", "coordinates": [[72.57099, 23.02787], [72.57085, 23.02834], [72.57065, 23.02889], [72.57047, 23.02943], [72.57047, 23.02992], [72.57051, 23.03045], [72.57055, 23.03067], [72.57057, 23.03079], [72.57058, 23.03087], [72.57058, 23.03097], [72.57059, 23.03127], [72.57053, 23.03157], [72.57052, 23.0316], [72.57048, 23.03169], [72.57027, 23.03217], [72.57002, 23.03277], [72.56968, 23.03351], [72.56952, 23.03387], [72.56937, 23.03425], [72.56926, 23.03451], [72.56921, 23.03461], [72.56914, 23.03479], [72.56906, 23.03499], [72.569, 23.03513], [72.56893, 23.03533], [72.56889, 23.03544], [72.56884, 23.0357], [72.56882, 23.03618], [72.56882, 23.03667], [72.56887, 23.03737], [72.56888, 23.03741]]}, "properties": {"corridor": "Ashram Road"}}, {"type": "Feature", "geometry": {"type": "LineString", "coordinates": [[72.56508, 23.01421], [72.56503, 23.01414], [72.5649, 23.01398], [72.56485, 23.01392], [72.56474, 23.01378], [72.56456, 23.0135], [72.56434, 23.0132], [72.56427, 23.0131], [72.56416, 23.01296], [72.56396, 23.01269], [72.56378, 23.01244], [72.56361, 23.01217], [72.56342, 23.01187], [72.56331, 23.01164], [72.56318, 23.01139], [72.56313, 23.01126], [72.56309, 23.01117], [72.56306, 23.0111], [72.56299, 23.01096], [72.56287, 23.01073], [72.56273, 23.01042], [72.56262, 23.01018], [72.56249, 23.00991], [72.56239, 23.00969], [72.56233, 23.00958], [72.56228, 23.00948], [72.5622, 23.00933]]}, "properties": {"corridor": "Ashram Road"}}, {"type": "Feature", "geometry": {"type": "LineString", "coordinates": [[72.56998, 23.04487], [72.56998, 23.04501], [72.57006, 23.04554], [72.5701, 23.04577], [72.57014, 23.046], [72.57014, 23.04604], [72.57018, 23.04628], [72.57024, 23.04653], [72.57029, 23.04669], [72.5703, 23.04671], [72.57036, 23.04685], [72.57041, 23.04698], [72.57044, 23.04704], [72.57052, 23.04719], [72.57064, 23.04739], [72.57068, 23.04746], [72.57081, 23.04768], [72.5709, 23.04788], [72.57093, 23.04793], [72.57098, 23.04814], [72.57103, 23.04849], [72.57106, 23.04871], [72.57109, 23.04893], [72.57117, 23.04953], [72.57122, 23.05018], [72.57126, 23.05055], [72.57136, 23.05201], [72.57139, 23.05231], [72.57139, 23.05238], [72.57139, 23.05239], [72.5714, 23.05247], [72.57141, 23.05255], [72.57139, 23.05286], [72.57134, 23.05309], [72.57141, 23.05387], [72.57145, 23.05452], [72.57145, 23.05483], [72.57155, 23.05532], [72.57155, 23.05535], [72.57155, 23.05555], [72.57157, 23.05583], [72.57169, 23.05592], [72.57193, 23.05599]]}, "properties": {"corridor": "Ashram Road"}}, {"type": "Feature", "geometry": {"type": "LineString", "coordinates": [[72.56899, 23.03741], [72.56898, 23.0373], [72.56889, 23.03667], [72.56889, 23.03618], [72.56892, 23.03571], [72.56897, 23.03546], [72.56907, 23.03515], [72.56912, 23.03502], [72.56921, 23.03481], [72.56931, 23.03462], [72.56945, 23.0343], [72.56995, 23.0332], [72.57013, 23.0328], [72.57027, 23.03247], [72.57064, 23.03164], [72.57065, 23.03159], [72.5707, 23.03126], [72.57069, 23.03107], [72.57069, 23.0309], [72.57067, 23.03077], [72.57065, 23.03065], [72.57063, 23.03047], [72.57059, 23.03009], [72.57057, 23.02991], [72.57059, 23.02943], [72.57076, 23.02891], [72.57095, 23.02835], [72.57109, 23.02789]]}, "properties": {"corridor": "Ashram Road"}}, {"type": "Feature", "geometry": {"type": "LineString", "coordinates": [[72.56936, 23.04024], [72.5692, 23.04025], [72.56889, 23.04024], [72.56884, 23.04024], [72.56861, 23.04023]]}, "properties": {"corridor": "Chimanlal Girdharlal Road"}}, {"type": "Feature", "geometry": {"type": "LineString", "coordinates": [[72.69942, 22.9486], [72.69862, 22.94902]]}, "properties": {"corridor": "Ahmadabad Vadodara Expressway"}}, {"type": "Feature", "geometry": {"type": "LineString", "coordinates": [[72.69868, 22.94916], [72.69946, 22.94875]]}, "properties": {"corridor": "Ahmadabad Vadodara Expressway"}}, {"type": "Feature", "geometry": {"type": "LineString", "coordinates": [[72.69862, 22.94902], [72.69458, 22.95121]]}, "properties": {"corridor": "Ahmadabad Vadodara Expressway"}}, {"type": "Feature", "geometry": {"type": "LineString", "coordinates": [[72.69946, 22.94875], [72.7034, 22.94663], [72.71138, 22.94214], [72.71838, 22.93816], [72.72292, 22.9356]]}, "properties": {"corridor": "Ahmadabad Vadodara Expressway"}}, {"type": "Feature", "geometry": {"type": "LineString", "coordinates": [[72.51773, 23.04976], [72.51751, 23.04976]]}, "properties": {"corridor": "Drive-in Road"}}, {"type": "Feature", "geometry": {"type": "LineString", "coordinates": [[72.53774, 22.99641], [72.53772, 22.99647]]}, "properties": {"corridor": "132 Ft. Ring Road"}}, {"type": "Feature", "geometry": {"type": "LineString", "coordinates": [[72.53781, 22.9965], [72.53784, 22.99643]]}, "properties": {"corridor": "132 Ft. Ring Road"}}, {"type": "Feature", "geometry": {"type": "LineString", "coordinates": [[72.53772, 22.99647], [72.53781, 22.9965]]}, "properties": {"corridor": "Jawaharlal Nehru Road"}}, {"type": "Feature", "geometry": {"type": "LineString", "coordinates": [[72.54936, 23.03273], [72.54933, 23.0328]]}, "properties": {"corridor": "120 Feet Ring Road"}}, {"type": "Feature", "geometry": {"type": "LineString", "coordinates": [[72.54945, 23.03284], [72.54948, 23.03276]]}, "properties": {"corridor": "120 Feet Ring Road"}}, {"type": "Feature", "geometry": {"type": "LineString", "coordinates": [[72.53294, 23.10315], [72.53312, 23.10388], [72.53319, 23.1041], [72.53338, 23.10479], [72.53347, 23.10511], [72.53392, 23.10666], [72.5344, 23.10823], [72.53477, 23.10955], [72.53505, 23.11045], [72.53584, 23.11325], [72.53651, 23.1155], [72.53771, 23.11949], [72.5378, 23.11979], [72.53796, 23.12037], [72.53833, 23.1218]]}, "properties": {"corridor": "SG Highway"}}, {"type": "Feature", "geometry": {"type": "LineString", "coordinates": [[72.60441, 23.03433], [72.60451, 23.03449], [72.60463, 23.03461], [72.60482, 23.03482], [72.60556, 23.03568], [72.60592, 23.03605], [72.60602, 23.03616], [72.60624, 23.03641], [72.60688, 23.0371], [72.60741, 23.03773], [72.60743, 23.03776], [72.60772, 23.03809], [72.60796, 23.03835], [72.60816, 23.03859], [72.60839, 23.03883], [72.60869, 23.0391], [72.60881, 23.03919], [72.60893, 23.03928], [72.60911, 23.03943], [72.61005, 23.04009], [72.61017, 23.04018], [72.61032, 23.04029], [72.61089, 23.04072], [72.61114, 23.04089], [72.61136, 23.04104], [72.61141, 23.04108], [72.61333, 23.04247], [72.61433, 23.0432], [72.61718, 23.04527], [72.61804, 23.0459], [72.61808, 23.04593], [72.61832, 23.04611], [72.61881, 23.04645], [72.61967, 23.04702], [72.61974, 23.04707], [72.61985, 23.04714], [72.62223, 23.04871], [72.62268, 23.049], [72.62275, 23.04905], [72.62296, 23.04918], [72.62323, 23.04936], [72.62379, 23.04973], [72.62532, 23.05072], [72.62595, 23.05112], [72.62601, 23.05117], [72.62644, 23.05144], [72.62738, 23.05205], [72.62762, 23.05221], [72.62841, 23.05272], [72.63013, 23.05384], [72.63019, 23.05387], [72.63128, 23.05458], [72.63165, 23.05482], [72.63243, 23.05531], [72.63354, 23.05602], [72.63402, 23.05633], [72.63555, 23.0573], [72.6359, 23.05755], [72.63678, 23.05816], [72.63713, 23.0584], [72.63714, 23.05842], [72.63741, 23.05869], [72.63802, 23.05932], [72.63906, 23.06057], [72.63927, 23.06081], [72.64143, 23.06331], [72.64176, 23.06368], [72.64193, 23.06388], [72.64248, 23.06455], [72.64254, 23.06462], [72.6426, 23.06469], [72.64265, 23.06474], [72.64269, 23.06477], [72.64274, 23.0648], [72.64282, 23.06485]]}, "properties": {"corridor": "Naroda Road"}}, {"type": "Feature", "geometry": {"type": "LineString", "coordinates": [[72.53062, 23.0146], [72.53062, 23.01454], [72.53063, 23.01449], [72.53065, 23.01428], [72.53068, 23.01394], [72.53072, 23.01356], [72.53075, 23.01328], [72.53081, 23.01305], [72.53084, 23.01293]]}, "properties": {"corridor": "132 Ft. Ring Road"}}, {"type": "Feature", "geometry": {"type": "LineString", "coordinates": [[72.53061, 23.0147], [72.53062, 23.0146]]}, "properties": {"corridor": "132 Ft. Ring Road"}}, {"type": "Feature", "geometry": {"type": "LineString", "coordinates": [[72.53052, 23.01469], [72.53051, 23.01474], [72.5305, 23.01479], [72.53045, 23.01506], [72.53041, 23.01529], [72.53028, 23.01592], [72.53025, 23.01614], [72.53021, 23.01642], [72.53013, 23.01693], [72.5301, 23.01714], [72.53008, 23.01827], [72.53008, 23.01862], [72.53009, 23.01887], [72.53009, 23.0192], [72.53009, 23.01924], [72.53009, 23.01929], [72.5301, 23.01935], [72.5301, 23.01955], [72.5301, 23.02074], [72.5301, 23.0208], [72.53011, 23.02104]]}, "properties": {"corridor": "132 Ft. Ring Road"}}, {"type": "Feature", "geometry": {"type": "LineString", "coordinates": [[72.53053, 23.0146], [72.53052, 23.01469]]}, "properties": {"corridor": "132 Ft. Ring Road"}}, {"type": "Feature", "geometry": {"type": "LineString", "coordinates": [[72.66356, 22.96815], [72.66168, 22.96922], [72.65983, 22.9703]]}, "properties": {"corridor": "Ahmadabad Vadodara Expressway"}}, {"type": "Feature", "geometry": {"type": "LineString", "coordinates": [[72.65983, 22.9703], [72.65338, 22.974]]}, "properties": {"corridor": "Ahmadabad Vadodara Expressway"}}, {"type": "Feature", "geometry": {"type": "LineString", "coordinates": [[72.65554, 23.11582], [72.65579, 23.11583], [72.65634, 23.1158], [72.65692, 23.11572], [72.65748, 23.1156], [72.6583, 23.11542], [72.6584, 23.1154], [72.65869, 23.11534], [72.65974, 23.11516], [72.66132, 23.11486], [72.66324, 23.11451], [72.66362, 23.11444], [72.66382, 23.11441], [72.66427, 23.11433], [72.66439, 23.11429], [72.66533, 23.11405], [72.66579, 23.11391], [72.66823, 23.11327], [72.66848, 23.11319], [72.67099, 23.11224], [72.67177, 23.11196], [72.67306, 23.11151], [72.67326, 23.11147]]}, "properties": {"corridor": "Sardar Patel Ring Road"}}, {"type": "Feature", "geometry": {"type": "LineString", "coordinates": [[72.68051, 22.95893], [72.68072, 22.95882]]}, "properties": {"corridor": "Ahmadabad Vadodara Expressway"}}, {"type": "Feature", "geometry": {"type": "LineString", "coordinates": [[72.68072, 22.95882], [72.68638, 22.95577], [72.6945, 22.95142]]}, "properties": {"corridor": "Ahmadabad Vadodara Expressway"}}, {"type": "Feature", "geometry": {"type": "LineString", "coordinates": [[72.68047, 22.95879], [72.67182, 22.96345], [72.67056, 22.96413], [72.66356, 22.96815]]}, "properties": {"corridor": "Ahmadabad Vadodara Expressway"}}, {"type": "Feature", "geometry": {"type": "LineString", "coordinates": [[72.68068, 22.95868], [72.68047, 22.95879]]}, "properties": {"corridor": "Ahmadabad Vadodara Expressway"}}, {"type": "Feature", "geometry": {"type": "LineString", "coordinates": [[72.72286, 22.93548], [72.71836, 22.93802], [72.71134, 22.942], [72.70331, 22.94652], [72.70038, 22.94809], [72.69942, 22.9486]]}, "properties": {"corridor": "Ahmadabad Vadodara Expressway"}}, {"type": "Feature", "geometry": {"type": "LineString", "coordinates": [[72.67306, 23.11103], [72.67294, 23.11105], [72.67269, 23.11113], [72.67208, 23.11135], [72.67161, 23.11151], [72.67103, 23.11172], [72.67025, 23.11202], [72.66987, 23.11215], [72.66951, 23.11229], [72.66803, 23.11281], [72.66638, 23.11328], [72.66426, 23.11386], [72.66406, 23.11391], [72.66339, 23.11403], [72.66242, 23.1142], [72.66125, 23.11441], [72.66115, 23.11444], [72.66024, 23.1146], [72.65967, 23.11471], [72.6593, 23.11477], [72.65837, 23.11494], [72.65828, 23.11495], [72.65815, 23.11498], [72.65803, 23.115], [72.6573, 23.11517], [72.6567, 23.11531], [72.65654, 23.11533], [72.65636, 23.11535], [72.65607, 23.11536], [72.6555, 23.11534], [72.6546, 23.11532], [72.654, 23.11531], [72.65326, 23.11534], [72.65285, 23.11536], [72.65267, 23.11537], [72.65249, 23.1154], [72.65231, 23.11547]]}, "properties": {"corridor": "Sardar Patel Ring Road"}}, {"type": "Feature", "geometry": {"type": "LineString", "coordinates": [[72.66607, 22.99787], [72.66604, 22.99768], [72.66541, 22.99371], [72.66532, 22.99316], [72.66506, 22.99149], [72.66498, 22.99089], [72.66492, 22.99034], [72.66491, 22.98997], [72.66492, 22.98972], [72.66492, 22.98959], [72.66491, 22.98949], [72.66491, 22.98938], [72.66489, 22.98925], [72.66486, 22.98906], [72.66484, 22.98892], [72.66481, 22.98879], [72.66455, 22.9879], [72.66448, 22.98763], [72.66444, 22.98744], [72.66416, 22.98565], [72.66412, 22.98538], [72.66408, 22.98507], [72.66387, 22.98377], [72.66367, 22.98267], [72.66355, 22.98217], [72.66303, 22.97951], [72.66298, 22.97929], [72.66288, 22.97859], [72.66285, 22.97839], [72.66275, 22.9777], [72.66268, 22.97725], [72.66256, 22.9764], [72.6624, 22.97563], [72.66207, 22.97434], [72.66183, 22.9733], [72.66162, 22.97252], [72.66158, 22.97237]]}, "properties": {"corridor": "Sardar Patel Ring Road"}}, {"type": "Feature", "geometry": {"type": "LineString", "coordinates": [[72.48878, 23.0739], [72.48887, 23.07413]]}, "properties": {"corridor": "Sardar Patel Ring Road"}}, {"type": "Feature", "geometry": {"type": "LineString", "coordinates": [[72.489, 23.07411], [72.48891, 23.07386]]}, "properties": {"corridor": "Sardar Patel Ring Road"}}, {"type": "Feature", "geometry": {"type": "LineString", "coordinates": [[72.62768, 23.11775], [72.62802, 23.1177]]}, "properties": {"corridor": "Sardar Patel Ring Road"}}, {"type": "Feature", "geometry": {"type": "LineString", "coordinates": [[72.62802, 23.1177], [72.62865, 23.11757], [72.63038, 23.11714], [72.63065, 23.11708], [72.63099, 23.11709]]}, "properties": {"corridor": "Sardar Patel Ring Road"}}, {"type": "Feature", "geometry": {"type": "LineString", "coordinates": [[72.62795, 23.11758], [72.62764, 23.11762]]}, "properties": {"corridor": "Sardar Patel Ring Road"}}, {"type": "Feature", "geometry": {"type": "LineString", "coordinates": [[72.63095, 23.1167], [72.63081, 23.11679], [72.63066, 23.1169], [72.6305, 23.11695], [72.63029, 23.11701], [72.62861, 23.11745], [72.62795, 23.11758]]}, "properties": {"corridor": "Sardar Patel Ring Road"}}, {"type": "Feature", "geometry": {"type": "LineString", "coordinates": [[72.6516, 23.1156], [72.65232, 23.11566], [72.65413, 23.11581], [72.6543, 23.1158], [72.65468, 23.11579], [72.65528, 23.11581]]}, "properties": {"corridor": "Sardar Patel Ring Road"}}, {"type": "Feature", "geometry": {"type": "LineString", "coordinates": [[72.4977, 22.93688], [72.49758, 22.93696], [72.49749, 22.93702], [72.49725, 22.93713], [72.49434, 22.93828], [72.49355, 22.9387]]}, "properties": {"corridor": "Sardar Patel Ring Road"}}, {"type": "Feature", "geometry": {"type": "LineString", "coordinates": [[72.49325, 22.9389], [72.49291, 22.93912]]}, "properties": {"corridor": "Sardar Patel Ring Road"}}, {"type": "Feature", "geometry": {"type": "LineString", "coordinates": [[72.4936, 22.93881], [72.49418, 22.93848], [72.49463, 22.9383], [72.4973, 22.93726], [72.49759, 22.93717], [72.4977, 22.93715], [72.49783, 22.93714]]}, "properties": {"corridor": "Sardar Patel Ring Road"}}, {"type": "Feature", "geometry": {"type": "LineString", "coordinates": [[72.49295, 22.93923], [72.49333, 22.93899]]}, "properties": {"corridor": "Sardar Patel Ring Road"}}, {"type": "Feature", "geometry": {"type": "LineString", "coordinates": [[72.48036, 22.95364], [72.48017, 22.95395]]}, "properties": {"corridor": "Sardar Patel Ring Road"}}, {"type": "Feature", "geometry": {"type": "LineString", "coordinates": [[72.48029, 22.95402], [72.48048, 22.9537]]}, "properties": {"corridor": "Sardar Patel Ring Road"}}, {"type": "Feature", "geometry": {"type": "LineString", "coordinates": [[72.56179, 23.04756], [72.56154, 23.04756], [72.56123, 23.04756]]}, "properties": {"corridor": "120 Feet Ring Road"}}, {"type": "Feature", "geometry": {"type": "LineString", "coordinates": [[72.57144, 23.02254], [72.57144, 23.02234], [72.57143, 23.02227], [72.57141, 23.02208], [72.57139, 23.02193], [72.57131, 23.02167], [72.57116, 23.02147], [72.57098, 23.02126], [72.57079, 23.02109], [72.57075, 23.02105], [72.57067, 23.02099], [72.57056, 23.02092], [72.57049, 23.02085], [72.57044, 23.02079], [72.57028, 23.02061], [72.57008, 23.02033], [72.56989, 23.02007], [72.56974, 23.01988], [72.56961, 23.01969], [72.56952, 23.01958], [72.56935, 23.01939], [72.56917, 23.01918], [72.56899, 23.01898], [72.56883, 23.01881], [72.56873, 23.01869], [72.56854, 23.01846], [72.56839, 23.01829], [72.56819, 23.01805], [72.56806, 23.01789], [72.56783, 23.01761], [72.56778, 23.01755], [72.56774, 23.0175], [72.56766, 23.01739], [72.56746, 23.01713], [72.56722, 23.01683], [72.56707, 23.01666], [72.5669, 23.01644], [72.56672, 23.01623], [72.56658, 23.01607], [72.56654, 23.01602], [72.56644, 23.01589], [72.56635, 23.01577], [72.56619, 23.01559], [72.56611, 23.01549], [72.56588, 23.01522], [72.56573, 23.01503], [72.56524, 23.01443], [72.56523, 23.01442], [72.56508, 23.01421]]}, "properties": {"corridor": "Ashram Road"}}, {"type": "Feature", "geometry": {"type": "LineString", "coordinates": [[72.6464, 23.11534], [72.64508, 23.11532], [72.64429, 23.11531], [72.64283, 23.11524], [72.64039, 23.11519]]}, "properties": {"corridor": "Sardar Patel Ring Road"}}, {"type": "Feature", "geometry": {"type": "LineString", "coordinates": [[72.50816, 22.98812], [72.50791, 22.98809], [72.50614, 22.98787], [72.50604, 22.98785], [72.50513, 22.98775], [72.50441, 22.98767], [72.50335, 22.98755], [72.5032, 22.98753], [72.50308, 22.98751], [72.50294, 22.98748], [72.50276, 22.98741], [72.50262, 22.98735], [72.50246, 22.98728], [72.50216, 22.98712], [72.50201, 22.98701]]}, "properties": {"corridor": "Jawaharlal Nehru Road"}}, {"type": "Feature", "geometry": {"type": "LineString", "coordinates": [[72.50192, 22.98713], [72.50203, 22.98718], [72.50223, 22.98728], [72.50245, 22.98738], [72.50262, 22.98746], [72.5028, 22.98753], [72.50295, 22.98757], [72.50307, 22.98759], [72.50327, 22.98762], [72.50357, 22.98765], [72.50446, 22.98775], [72.50496, 22.9878], [72.5053, 22.98784], [72.50563, 22.98788], [72.50685, 22.98803], [72.50701, 22.98804], [72.50719, 22.98807], [72.50748, 22.98811], [72.50819, 22.9882]]}, "properties": {"corridor": "Jawaharlal Nehru Road"}}, {"type": "Feature", "geometry": {"type": "LineString", "coordinates": [[72.60669, 23.07507], [72.60674, 23.07513], [72.60682, 23.07523], [72.60779, 23.07642], [72.6079, 23.07657], [72.60869, 23.07759], [72.60909, 23.07808], [72.60938, 23.07846], [72.60956, 23.07863], [72.60984, 23.07878], [72.61182, 23.0796], [72.61198, 23.07967], [72.6129, 23.08006], [72.61462, 23.08079], [72.61564, 23.08122], [72.61586, 23.08132], [72.61603, 23.08146], [72.6161, 23.08153], [72.61614, 23.0816]]}, "properties": {"corridor": "Airport Road"}}, {"type": "Feature", "geometry": {"type": "LineString", "coordinates": [[72.67302, 23.11113], [72.67289, 23.11122], [72.67274, 23.1113], [72.67242, 23.11143], [72.67184, 23.11164], [72.66955, 23.11251], [72.66804, 23.11305], [72.66631, 23.11352], [72.66426, 23.11408], [72.66418, 23.11409]]}, "properties": {"corridor": "Sardar Patel Ring Road"}}, {"type": "Feature", "geometry": {"type": "LineString", "coordinates": [[72.66429, 23.11419], [72.66634, 23.11364], [72.66808, 23.11316], [72.66954, 23.1126], [72.67191, 23.11171], [72.67252, 23.11151], [72.67285, 23.11143], [72.67312, 23.1114]]}, "properties": {"corridor": "Sardar Patel Ring Road"}}, {"type": "Feature", "geometry": {"type": "LineString", "coordinates": [[72.56117, 23.01266], [72.56178, 23.01216], [72.56189, 23.01207], [72.56257, 23.01149], [72.56282, 23.01131], [72.56291, 23.01127], [72.56301, 23.0112], [72.56309, 23.01117]]}, "properties": {"corridor": "Chimanlal Girdharlal Road"}}, {"type": "Feature", "geometry": {"type": "LineString", "coordinates": [[72.5303, 23.09359], [72.53024, 23.09337], [72.53004, 23.09255], [72.52985, 23.09183]]}, "properties": {"corridor": "SG Highway"}}, {"type": "Feature", "geometry": {"type": "LineString", "coordinates": [[72.5296, 23.09165], [72.52973, 23.09212], [72.53004, 23.09325], [72.53023, 23.09396]]}, "properties": {"corridor": "SG Highway"}}, {"type": "Feature", "geometry": {"type": "LineString", "coordinates": [[72.49079, 23.07901], [72.49034, 23.07775], [72.489, 23.07411]]}, "properties": {"corridor": "Sardar Patel Ring Road"}}, {"type": "Feature", "geometry": {"type": "LineString", "coordinates": [[72.48887, 23.07413], [72.49022, 23.07781], [72.49068, 23.07903]]}, "properties": {"corridor": "Sardar Patel Ring Road"}}, {"type": "Feature", "geometry": {"type": "LineString", "coordinates": [[72.56108, 23.0087], [72.56121, 23.00877], [72.56193, 23.00918], [72.56206, 23.00928], [72.56212, 23.00937]]}, "properties": {"corridor": "Ashram Road"}}, {"type": "Feature", "geometry": {"type": "LineString", "coordinates": [[72.5622, 23.00933], [72.56209, 23.00922], [72.56196, 23.00913], [72.56185, 23.00906], [72.56138, 23.00879], [72.56102, 23.00857]]}, "properties": {"corridor": "Ashram Road"}}, {"type": "Feature", "geometry": {"type": "LineString", "coordinates": [[72.47594, 23.00493], [72.47578, 23.00452], [72.47549, 23.00375], [72.47545, 23.00364], [72.47535, 23.00335], [72.47532, 23.00329], [72.47523, 23.00304], [72.47301, 22.99727], [72.47289, 22.99688], [72.4728, 22.99649], [72.4727, 22.99587], [72.47262, 22.99521]]}, "properties": {"corridor": "Sardar Patel Ring Road"}}, {"type": "Feature", "geometry": {"type": "LineString", "coordinates": [[72.47924, 23.01413], [72.47929, 23.01425], [72.4797, 23.01538], [72.47999, 23.0161], [72.48008, 23.01637], [72.48016, 23.01668], [72.48025, 23.01708], [72.4803, 23.01745], [72.48029, 23.01778], [72.48024, 23.0182], [72.48014, 23.01859], [72.48003, 23.01885], [72.47983, 23.01927], [72.47956, 23.01974], [72.47945, 23.01995], [72.47901, 23.0207]]}, "properties": {"corridor": "Sardar Patel Ring Road"}}, {"type": "Feature", "geometry": {"type": "LineString", "coordinates": [[72.47914, 23.02077], [72.47941, 23.02027], [72.47952, 23.02007], [72.47985, 23.01954], [72.48016, 23.01894], [72.4803, 23.01857], [72.48039, 23.01818], [72.48043, 23.01777], [72.48041, 23.01743], [72.48037, 23.01703], [72.48028, 23.01665], [72.48019, 23.01632], [72.48007, 23.01597], [72.47963, 23.01478], [72.47943, 23.01419]]}, "properties": {"corridor": "Sardar Patel Ring Road"}}, {"type": "Feature", "geometry": {"type": "LineString", "coordinates": [[72.48017, 22.95395], [72.48016, 22.95397], [72.47844, 22.95675], [72.47821, 22.95711], [72.47788, 22.95762], [72.47756, 22.95813], [72.47747, 22.95829]]}, "properties": {"corridor": "Sardar Patel Ring Road"}}, {"type": "Feature", "geometry": {"type": "LineString", "coordinates": [[72.4776, 22.95832], [72.47827, 22.95723], [72.4793, 22.95563], [72.47985, 22.95475], [72.47992, 22.95462], [72.48029, 22.95402]]}, "properties": {"corridor": "Sardar Patel Ring Road"}}, {"type": "Feature", "geometry": {"type": "LineString", "coordinates": [[72.47411, 22.97135], [72.47357, 22.97259]]}, "properties": {"corridor": "Sardar Patel Ring Road"}}, {"type": "Feature", "geometry": {"type": "LineString", "coordinates": [[72.47368, 22.97264], [72.47426, 22.97138]]}, "properties": {"corridor": "Sardar Patel Ring Road"}}, {"type": "Feature", "geometry": {"type": "LineString", "coordinates": [[72.56289, 23.04736], [72.56233, 23.04748], [72.56205, 23.04754], [72.56192, 23.04755]]}, "properties": {"corridor": "120 Feet Ring Road"}}, {"type": "Feature", "geometry": {"type": "LineString", "coordinates": [[72.56863, 23.0403], [72.56884, 23.04031], [72.56891, 23.04031], [72.56921, 23.04033], [72.56934, 23.04033]]}, "properties": {"corridor": "Chimanlal Girdharlal Road"}}, {"type": "Feature", "geometry": {"type": "LineString", "coordinates": [[72.56463, 23.0397], [72.56421, 23.03957], [72.56397, 23.03948]]}, "properties": {"corridor": "Chimanlal Girdharlal Road"}}, {"type": "Feature", "geometry": {"type": "LineString", "coordinates": [[72.56394, 23.03956], [72.56425, 23.03965], [72.56433, 23.03967], [72.56461, 23.03976]]}, "properties": {"corridor": "Chimanlal Girdharlal Road"}}, {"type": "Feature", "geometry": {"type": "LineString", "coordinates": [[72.62697, 23.08581], [72.62801, 23.08585], [72.62883, 23.08589], [72.62946, 23.08592], [72.62969, 23.08593], [72.62979, 23.08595], [72.62988, 23.086]]}, "properties": {"corridor": "Airport Road"}}, {"type": "Feature", "geometry": {"type": "LineString", "coordinates": [[72.62996, 23.08581], [72.62967, 23.08583], [72.62944, 23.08583], [72.629, 23.08581], [72.62897, 23.08581], [72.62788, 23.08577], [72.62699, 23.08573]]}, "properties": {"corridor": "Airport Road"}}, {"type": "Feature", "geometry": {"type": "LineString", "coordinates": [[72.5485, 23.00908], [72.54857, 23.00903]]}, "properties": {"corridor": "120 Feet Ring Road"}}, {"type": "Feature", "geometry": {"type": "LineString", "coordinates": [[72.62406, 23.11761], [72.62527, 23.11776], [72.62569, 23.11782], [72.62625, 23.11786], [72.62669, 23.11786], [72.62708, 23.11785], [72.62768, 23.11775]]}, "properties": {"corridor": "Sardar Patel Ring Road"}}, {"type": "Feature", "geometry": {"type": "LineString", "coordinates": [[72.56501, 23.01424], [72.56517, 23.01446], [72.56539, 23.01473], [72.56566, 23.01507], [72.56605, 23.01553], [72.56613, 23.01561], [72.56618, 23.01568], [72.56629, 23.0158], [72.56638, 23.01592], [72.56649, 23.01605], [72.56666, 23.01626], [72.56684, 23.01647], [72.56701, 23.01669], [72.56716, 23.01687], [72.5674, 23.01716], [72.5676, 23.01742], [72.56777, 23.01765], [72.56813, 23.01809], [72.56847, 23.0185], [72.56867, 23.01872], [72.56878, 23.01884], [72.5689, 23.01897], [72.56907, 23.01916], [72.56929, 23.01941], [72.56947, 23.01961], [72.56956, 23.01972], [72.56957, 23.01973], [72.5696, 23.01977], [72.56962, 23.0198], [72.56969, 23.0199], [72.56978, 23.02001], [72.56984, 23.0201], [72.57003, 23.02036], [72.57014, 23.02051], [72.57024, 23.02064], [72.5704, 23.02082], [72.57047, 23.02088], [72.57053, 23.02095], [72.57063, 23.02103], [72.57069, 23.02109], [72.57093, 23.0213], [72.5711, 23.0215], [72.57124, 23.02169], [72.57131, 23.02194], [72.57133, 23.02208], [72.57133, 23.02224], [72.57131, 23.02231]]}, "properties": {"corridor": "Ashram Road"}}, {"type": "Feature", "geometry": {"type": "LineString", "coordinates": [[72.57131, 23.02231], [72.57128, 23.02256]]}, "properties": {"corridor": "Ashram Road"}}, {"type": "Feature", "geometry": {"type": "LineString", "coordinates": [[72.48048, 22.95345], [72.48038, 22.9536], [72.48037, 22.95362], [72.48036, 22.95364]]}, "properties": {"corridor": "Sardar Patel Ring Road"}}, {"type": "Feature", "geometry": {"type": "LineString", "coordinates": [[72.48048, 22.9537], [72.48049, 22.95369], [72.48049, 22.95368], [72.4806, 22.9535]]}, "properties": {"corridor": "Sardar Patel Ring Road"}}, {"type": "Feature", "geometry": {"type": "LineString", "coordinates": [[72.49291, 22.93912], [72.4929, 22.93913], [72.49286, 22.93916], [72.49268, 22.93927]]}, "properties": {"corridor": "Sardar Patel Ring Road"}}, {"type": "Feature", "geometry": {"type": "LineString", "coordinates": [[72.49274, 22.93937], [72.49295, 22.93923]]}, "properties": {"corridor": "Sardar Patel Ring Road"}}, {"type": "Feature", "geometry": {"type": "LineString", "coordinates": [[72.49333, 22.93899], [72.49337, 22.93896], [72.4935, 22.93887], [72.4936, 22.93881]]}, "properties": {"corridor": "Sardar Patel Ring Road"}}, {"type": "Feature", "geometry": {"type": "LineString", "coordinates": [[72.49355, 22.9387], [72.49332, 22.93886], [72.49325, 22.9389]]}, "properties": {"corridor": "Sardar Patel Ring Road"}}, {"type": "Feature", "geometry": {"type": "LineString", "coordinates": [[72.64717, 22.97756], [72.64335, 22.97974]]}, "properties": {"corridor": "Ahmadabad Vadodara Expressway"}}, {"type": "Feature", "geometry": {"type": "LineString", "coordinates": [[72.65338, 22.974], [72.65086, 22.9754], [72.65032, 22.97572], [72.64717, 22.97756]]}, "properties": {"corridor": "Ahmadabad Vadodara Expressway"}}, {"type": "Feature", "geometry": {"type": "LineString", "coordinates": [[72.63202, 22.98625], [72.63173, 22.98642], [72.63132, 22.98665]]}, "properties": {"corridor": "Ahmadabad Vadodara Expressway"}}, {"type": "Feature", "geometry": {"type": "LineString", "coordinates": [[72.54162, 22.92726], [72.54165, 22.92721], [72.54173, 22.9271], [72.54314, 22.9259]]}, "properties": {"corridor": "Sardar Patel Ring Road"}}, {"type": "Feature", "geometry": {"type": "LineString", "coordinates": [[72.54311, 22.92583], [72.54163, 22.927], [72.5415, 22.92707]]}, "properties": {"corridor": "Sardar Patel Ring Road"}}, {"type": "Feature", "geometry": {"type": "LineString", "coordinates": [[72.57128, 23.02256], [72.57127, 23.02269], [72.57125, 23.02289], [72.57125, 23.02315], [72.57124, 23.02345], [72.57126, 23.02366], [72.57129, 23.02379], [72.5713, 23.02418], [72.5713, 23.02449], [72.57126, 23.02523], [72.5712, 23.02594]]}, "properties": {"corridor": "Ashram Road"}}, {"type": "Feature", "geometry": {"type": "LineString", "coordinates": [[72.57114, 23.02664], [72.57114, 23.02671]]}, "properties": {"corridor": "Ashram Road"}}, {"type": "Feature", "geometry": {"type": "LineString", "coordinates": [[72.66062, 22.9687], [72.66065, 22.96885]]}, "properties": {"corridor": "Sardar Patel Ring Road"}}, {"type": "Feature", "geometry": {"type": "LineString", "coordinates": [[72.68692, 23.09348], [72.68694, 23.09341], [72.68697, 23.09323]]}, "properties": {"corridor": "Sardar Patel Ring Road"}}, {"type": "Feature", "geometry": {"type": "LineString", "coordinates": [[72.68682, 23.09325], [72.68679, 23.0934], [72.68676, 23.09347]]}, "properties": {"corridor": "Sardar Patel Ring Road"}}, {"type": "Feature", "geometry": {"type": "LineString", "coordinates": [[72.6767, 23.10994], [72.6741, 23.11079], [72.67378, 23.11088], [72.67352, 23.11091]]}, "properties": {"corridor": "Sardar Patel Ring Road"}}, {"type": "Feature", "geometry": {"type": "LineString", "coordinates": [[72.67368, 23.11122], [72.67379, 23.11106], [72.6739, 23.11098], [72.67408, 23.11092], [72.6757, 23.11043], [72.67646, 23.11017]]}, "properties": {"corridor": "Sardar Patel Ring Road"}}, {"type": "Feature", "geometry": {"type": "LineString", "coordinates": [[72.5341, 23.10661], [72.5338, 23.10565], [72.53356, 23.10484], [72.53308, 23.10312]]}, "properties": {"corridor": "SG Highway"}}, {"type": "Feature", "geometry": {"type": "LineString", "coordinates": [[72.62023, 23.08311], [72.62004, 23.08297], [72.61965, 23.08281], [72.61911, 23.08274], [72.6181, 23.0826], [72.61783, 23.08254], [72.6178, 23.08253], [72.61756, 23.08244], [72.61724, 23.0822], [72.61693, 23.08194], [72.61685, 23.08187], [72.61672, 23.08174], [72.61657, 23.0816]]}, "properties": {"corridor": "Airport Road"}}, {"type": "Feature", "geometry": {"type": "LineString", "coordinates": [[72.53833, 23.1218], [72.53837, 23.12191]]}, "properties": {"corridor": "SG Highway"}}, {"type": "Feature", "geometry": {"type": "LineString", "coordinates": [[72.53837, 23.12191], [72.53912, 23.12439], [72.53923, 23.12479], [72.54048, 23.12913], [72.54091, 23.13062]]}, "properties": {"corridor": "SG Highway"}}, {"type": "Feature", "geometry": {"type": "LineString", "coordinates": [[72.53855, 23.12184], [72.53853, 23.12175]]}, "properties": {"corridor": "SG Highway"}}, {"type": "Feature", "geometry": {"type": "LineString", "coordinates": [[72.54109, 23.13059], [72.54087, 23.12981], [72.54011, 23.12722], [72.53986, 23.12636], [72.5398, 23.1262], [72.53961, 23.12551], [72.53947, 23.125], [72.53938, 23.12473], [72.53928, 23.12436], [72.53885, 23.12288], [72.53855, 23.12184]]}, "properties": {"corridor": "SG Highway"}}, {"type": "Feature", "geometry": {"type": "LineString", "coordinates": [[72.5481, 22.92379], [72.54756, 22.92385], [72.54695, 22.92395], [72.54657, 22.92403], [72.54624, 22.92413], [72.5457, 22.92433], [72.54516, 22.92458], [72.54395, 22.92524], [72.54315, 22.9258]]}, "properties": {"corridor": "Sardar Patel Ring Road"}}, {"type": "Feature", "geometry": {"type": "LineString", "coordinates": [[72.54321, 22.92585], [72.54408, 22.92529], [72.54501, 22.9248], [72.54523, 22.92468], [72.54578, 22.92442], [72.54627, 22.92424], [72.54664, 22.92414], [72.54697, 22.92407], [72.5476, 22.92397], [72.54813, 22.9239]]}, "properties": {"corridor": "Sardar Patel Ring Road"}}, {"type": "Feature", "geometry": {"type": "LineString", "coordinates": [[72.5415, 22.92707], [72.54131, 22.92713]]}, "properties": {"corridor": "Sardar Patel Ring Road"}}, {"type": "Feature", "geometry": {"type": "LineString", "coordinates": [[72.54155, 22.92738], [72.54162, 22.92726]]}, "properties": {"corridor": "Sardar Patel Ring Road"}}, {"type": "Feature", "geometry": {"type": "LineString", "coordinates": [[72.57132, 23.02592], [72.57135, 23.02534], [72.57138, 23.02468], [72.57139, 23.02451], [72.5714, 23.02418], [72.57138, 23.02339], [72.57142, 23.02295], [72.57144, 23.02268], [72.57144, 23.02254]]}, "properties": {"corridor": "Ashram Road"}}, {"type": "Feature", "geometry": {"type": "LineString", "coordinates": [[72.5712, 23.02594], [72.57115, 23.02646], [72.57114, 23.02652], [72.57114, 23.02656], [72.57114, 23.02664]]}, "properties": {"corridor": "Ashram Road"}}, {"type": "Feature", "geometry": {"type": "LineString", "coordinates": [[72.57109, 23.02789], [72.57113, 23.02764], [72.57117, 23.02741], [72.57124, 23.02693], [72.57125, 23.02682], [72.57125, 23.02677], [72.57126, 23.02671], [72.57126, 23.02664], [72.57127, 23.02656], [72.57129, 23.02638], [72.5713, 23.02618], [72.57132, 23.02592]]}, "properties": {"corridor": "Ashram Road"}}, {"type": "Feature", "geometry": {"type": "LineString", "coordinates": [[72.57114, 23.02671], [72.57114, 23.02677], [72.57113, 23.02687], [72.57112, 23.0269], [72.57105, 23.02741], [72.57099, 23.02787]]}, "properties": {"corridor": "Ashram Road"}}, {"type": "Feature", "geometry": {"type": "LineString", "coordinates": [[72.4806, 22.9535], [72.48107, 22.95273], [72.48144, 22.95212], [72.48171, 22.95169], [72.48461, 22.94703], [72.48472, 22.9469], [72.48483, 22.94683], [72.48491, 22.94678]]}, "properties": {"corridor": "Sardar Patel Ring Road"}}, {"type": "Feature", "geometry": {"type": "LineString", "coordinates": [[72.48458, 22.94659], [72.48456, 22.9467], [72.48455, 22.94681], [72.48447, 22.94699], [72.48346, 22.9486], [72.48137, 22.95199], [72.4811, 22.95243], [72.4806, 22.95324], [72.48048, 22.95345]]}, "properties": {"corridor": "Sardar Patel Ring Road"}}, {"type": "Feature", "geometry": {"type": "LineString", "coordinates": [[72.47097, 22.98149], [72.47102, 22.98227], [72.47107, 22.98324]]}, "properties": {"corridor": "Sardar Patel Ring Road"}}, {"type": "Feature", "geometry": {"type": "LineString", "coordinates": [[72.47096, 22.98138], [72.47097, 22.98149]]}, "properties": {"corridor": "Sardar Patel Ring Road"}}, {"type": "Feature", "geometry": {"type": "LineString", "coordinates": [[72.47119, 22.98317], [72.47114, 22.98226], [72.47109, 22.98149]]}, "properties": {"corridor": "Sardar Patel Ring Road"}}, {"type": "Feature", "geometry": {"type": "LineString", "coordinates": [[72.47109, 22.98149], [72.47108, 22.98138]]}, "properties": {"corridor": "Sardar Patel Ring Road"}}, {"type": "Feature", "geometry": {"type": "LineString", "coordinates": [[72.66973, 23.01343], [72.67018, 23.01554], [72.6705, 23.01642], [72.67134, 23.01897], [72.67151, 23.01958], [72.6716, 23.02004]]}, "properties": {"corridor": "Sardar Patel Ring Road"}}, {"type": "Feature", "geometry": {"type": "LineString", "coordinates": [[72.66761, 23.00351], [72.66704, 23.00181], [72.66662, 23.00054], [72.66642, 22.99984], [72.66607, 22.99787]]}, "properties": {"corridor": "Sardar Patel Ring Road"}}, {"type": "Feature", "geometry": {"type": "LineString", "coordinates": [[72.66254, 22.97825], [72.66274, 22.97923], [72.66295, 22.98049], [72.66326, 22.98226]]}, "properties": {"corridor": "Sardar Patel Ring Road"}}, {"type": "Feature", "geometry": {"type": "LineString", "coordinates": [[72.47998, 23.04305], [72.47999, 23.04313]]}, "properties": {"corridor": "Sardar Patel Ring Road"}}, {"type": "Feature", "geometry": {"type": "LineString", "coordinates": [[72.48011, 23.04313], [72.4801, 23.04306]]}, "properties": {"corridor": "Sardar Patel Ring Road"}}, {"type": "Feature", "geometry": {"type": "LineString", "coordinates": [[72.47842, 23.03369], [72.47845, 23.0339], [72.47846, 23.03394], [72.47848, 23.03402], [72.47854, 23.03432], [72.47884, 23.0361], [72.47886, 23.03617], [72.47911, 23.03769], [72.47915, 23.03793]]}, "properties": {"corridor": "Sardar Patel Ring Road"}}, {"type": "Feature", "geometry": {"type": "LineString", "coordinates": [[72.47927, 23.03791], [72.47921, 23.03751], [72.47901, 23.0364], [72.47897, 23.03617], [72.47896, 23.03609], [72.47893, 23.03589], [72.47865, 23.03427], [72.47852, 23.03357]]}, "properties": {"corridor": "Sardar Patel Ring Road"}}, {"type": "Feature", "geometry": {"type": "LineString", "coordinates": [[72.62764, 23.11762], [72.62714, 23.11769], [72.62669, 23.11774], [72.62625, 23.11774], [72.6257, 23.1177], [72.62529, 23.11764], [72.62406, 23.11749]]}, "properties": {"corridor": "Sardar Patel Ring Road"}}, {"type": "Feature", "geometry": {"type": "LineString", "coordinates": [[72.66019, 22.96638], [72.65982, 22.96478], [72.65916, 22.96201]]}, "properties": {"corridor": "Sardar Patel Ring Road"}}, {"type": "Feature", "geometry": {"type": "LineString", "coordinates": [[72.65914, 22.96247], [72.65972, 22.9648], [72.66007, 22.96625], [72.6601, 22.96639]]}, "properties": {"corridor": "Sardar Patel Ring Road"}}, {"type": "Feature", "geometry": {"type": "LineString", "coordinates": [[72.67627, 23.03405], [72.67619, 23.03385], [72.67599, 23.03336], [72.67501, 23.03094], [72.67493, 23.03075], [72.6744, 23.02943]]}, "properties": {"corridor": "Sardar Patel Ring Road"}}, {"type": "Feature", "geometry": {"type": "LineString", "coordinates": [[72.67462, 23.03038], [72.67484, 23.03085], [72.67489, 23.03097], [72.67591, 23.03363]]}, "properties": {"corridor": "Sardar Patel Ring Road"}}, {"type": "Feature", "geometry": {"type": "LineString", "coordinates": [[72.5791, 23.05918], [72.57909, 23.05915], [72.57907, 23.05913], [72.57899, 23.05906], [72.57878, 23.05888], [72.57828, 23.05849], [72.57723, 23.05758], [72.576, 23.05656], [72.57578, 23.05641], [72.57559, 23.05634], [72.57551, 23.05631], [72.57517, 23.05623], [72.57485, 23.05617], [72.57319, 23.056], [72.57277, 23.05596], [72.57261, 23.05593], [72.57245, 23.05587], [72.57208, 23.05567]]}, "properties": {"corridor": "Ashram Road"}}, {"type": "Feature", "geometry": {"type": "LineString", "coordinates": [[72.54813, 22.9239], [72.54855, 22.92386], [72.5489, 22.92383], [72.54958, 22.92381], [72.55049, 22.92383], [72.55072, 22.92384]]}, "properties": {"corridor": "Sardar Patel Ring Road"}}, {"type": "Feature", "geometry": {"type": "LineString", "coordinates": [[72.55074, 22.92373], [72.55051, 22.92371], [72.54958, 22.92369], [72.54891, 22.92372], [72.54829, 22.92378], [72.5481, 22.92379]]}, "properties": {"corridor": "Sardar Patel Ring Road"}}]}