{"type":"FeatureCollection","name":"ahmedabad_talukas","licence":"\u00a9 OpenStreetMap contributors, ODbL 1.0 (https://www.openstreetmap.org/copyright)","features":[{"type":"Feature","id":"Asarva","properties":{"taluka":"Asarva","name":"Asarva Taluka"},"geometry":{"type":"MultiPolygon","coordinates":[[[[72.68577,23.02459],[72.6855,23.02456],[72.68525,23.02461],[72.68509,23.02464],[72.68472,23.02463],[72.68407,23.02459],[72.68374,23.02457],[72.68336,23.02457],[72.68294,23.02455],[72.68264,23.02456],[72.6823,23.0246],[72.68125,23.02463],[72.68071,23.02465],[72.6801,23.02466],[72.67978,23.02467],[72.67978,23.02505],[72.67976,23.02544],[72.67972,23.02591],[72.6797,23.02611],[72.67964,23.0266],[72.67957,23.02691],[72.6796,23.02735],[72.67962,23.02755],[72.67963,23.02781],[72.67964,23.02803],[72.67966,23.02823],[72.67931,23.02823],[72.67908,23.02819],[72.67878,23.02814],[72.67859,23.0281],[72.67824,23.02805],[72.67781,23.02798],[72.67748,23.0279],[72.67716,23.02785],[72.67681,23.02791],[72.67654,23.02846],[72.67646,23.02862],[72.67622,23.02875],[72.67599,23.02873],[72.67569,23.0287],[72.67529,23.02864],[72.67495,23.02861],[72.67443,23.02859],[72.67414,23.02865],[72.67391,23.02863],[72.6738,23.02892],[72.67367,23.02926],[72.67354,23.02942],[72.67338,23.02965],[72.67324,23.02994],[72.67316,23.03017],[72.67305,23.03045],[72.67288,23.03074],[72.67283,23.03094],[72.67274,23.03125],[72.67266,23.03148],[72.67263,23.0317],[72.67261,23.03195],[72.67254,23.03211],[72.67225,23.03201],[72.67205,23.03195],[72.67187,23.03199],[72.67129,23.03213],[72.6711,23.03219],[72.67084,23.03225],[72.67056,23.03229],[72.67017,23.03235],[72.66983,23.03239],[72.66945,23.03249],[72.66895,23.03262],[72.66875,23.03267],[72.66864,23.0324],[72.66853,23.03209],[72.668,23.03239],[72.66754,23.03265],[72.6674,23.03278],[72.66727,23.03293],[72.66706,23.03314],[72.66687,23.03316],[72.66657,23.03321],[72.66629,23.03326],[72.66597,23.03324],[72.6653,23.03321],[72.66495,23.03318],[72.66457,23.03316],[72.6642,23.03318],[72.66408,23.03298],[72.66374,23.03296],[72.66345,23.03292],[72.66318,23.03289],[72.66267,23.03287],[72.6624,23.03286],[72.66213,23.03271],[72.66178,23.0325],[72.66145,23.03231],[72.66117,23.03228],[72.66098,23.03226],[72.66053,23.03222],[72.66032,23.0322],[72.6601,23.03226],[72.65983,23.03231],[72.65935,23.03241],[72.6591,23.03243],[72.6586,23.03246],[72.65832,23.03246],[72.65796,23.03243],[72.65722,23.03239],[72.65681,23.03236],[72.65626,23.03231],[72.65587,23.03228],[72.65519,23.03224],[72.65481,23.0322],[72.65444,23.03219],[72.65406,23.03219],[72.65355,23.03201],[72.65276,23.03173],[72.6522,23.03159],[72.65161,23.03136],[72.65139,23.0313],[72.6513,23.03161],[72.65106,23.03152],[72.65058,23.03126],[72.64961,23.03105],[72.64929,23.03097],[72.64902,23.03079],[72.64869,23.03077],[72.64824,23.03062],[72.64764,23.03038],[72.64696,23.03011],[72.64574,23.02959],[72.64483,23.02917],[72.64438,23.02896],[72.64313,23.02865],[72.6426,23.02854],[72.64227,23.02933],[72.64214,23.02972],[72.64209,23.03025],[72.64208,23.03048],[72.6421,23.03068],[72.64201,23.0311],[72.64195,23.03147],[72.64185,23.03186],[72.64174,23.03228],[72.64179,23.0326],[72.6418,23.03292],[72.64123,23.03312],[72.64094,23.03324],[72.64093,23.03359],[72.64104,23.03378],[72.64134,23.03458],[72.64149,23.03492],[72.64169,23.03538],[72.64179,23.03561],[72.64198,23.03599],[72.64202,23.03619],[72.64205,23.03644],[72.6422,23.03718],[72.64239,23.03803],[72.64243,23.03832],[72.6419,23.03881],[72.64154,23.03886],[72.64093,23.0389],[72.64021,23.03896],[72.63937,23.03904],[72.63886,23.03902],[72.6378,23.03903],[72.63724,23.03902],[72.63591,23.03902],[72.63504,23.03907],[72.63379,23.03911],[72.63314,23.03909],[72.63294,23.03909],[72.63166,23.03912],[72.63095,23.03916],[72.62973,23.03927],[72.62916,23.03941],[72.62871,23.03963],[72.62819,23.03987],[72.62744,23.04026],[72.6268,23.04054],[72.62621,23.04079],[72.62562,23.04105],[72.62559,23.04107],[72.62552,23.04093],[72.62536,23.04054],[72.62513,23.04012],[72.62554,23.03997],[72.62586,23.03988],[72.62606,23.03981],[72.62627,23.03974],[72.62613,23.03933],[72.6259,23.03866],[72.62568,23.03805],[72.62546,23.03757],[72.62514,23.03766],[72.62473,23.03777],[72.62437,23.0379],[72.62398,23.03805],[72.62356,23.03824],[72.62294,23.03848],[72.62273,23.03858],[72.62235,23.03874],[72.622,23.03891],[72.62143,23.03916],[72.62126,23.03902],[72.62096,23.03875],[72.6207,23.03854],[72.61995,23.03796],[72.6196,23.03774],[72.61932,23.03753],[72.61889,23.03725],[72.6186,23.03696],[72.618,23.03639],[72.61778,23.03619],[72.61763,23.03609],[72.61739,23.03575],[72.61693,23.03519],[72.6166,23.03479],[72.61631,23.03446],[72.61618,23.03424],[72.616,23.03407],[72.61573,23.03383],[72.61568,23.03368],[72.61515,23.03318],[72.61484,23.0329],[72.6147,23.0328],[72.61435,23.0326],[72.61405,23.03287],[72.6135,23.03332],[72.61306,23.03369],[72.61257,23.0341],[72.6123,23.03442],[72.61199,23.03428],[72.61171,23.03415],[72.61158,23.03402],[72.61134,23.03387],[72.61105,23.03375],[72.61077,23.03361],[72.61054,23.0336],[72.61015,23.03363],[72.60958,23.0335],[72.6093,23.03424],[72.60903,23.03473],[72.6084,23.03472],[72.60816,23.03484],[72.60746,23.03484],[72.60728,23.03495],[72.6071,23.03506],[72.60709,23.03538],[72.60669,23.03593],[72.60686,23.03601],[72.60688,23.03652],[72.60678,23.0373],[72.60627,23.03727],[72.60564,23.03725],[72.60477,23.03728],[72.60296,23.03731],[72.60226,23.03734],[72.60278,23.0386],[72.60311,23.0395],[72.60213,23.0396],[72.60144,23.04012],[72.60103,23.04014],[72.59966,23.04029],[72.59936,23.04021],[72.59879,23.04036],[72.59741,23.04084],[72.59638,23.0413],[72.59639,23.04088],[72.59648,23.04018],[72.59668,23.03894],[72.59687,23.0379],[72.59705,23.03724],[72.59706,23.0368],[72.59688,23.03663],[72.59668,23.03665],[72.59647,23.03685],[72.59627,23.03678],[72.59621,23.03695],[72.59603,23.03733],[72.59569,23.03778],[72.59495,23.03837],[72.59475,23.0384],[72.5946,23.03859],[72.59395,23.03844],[72.59361,23.03865],[72.59332,23.03877],[72.59327,23.03889],[72.59284,23.03899],[72.59233,23.039],[72.59183,23.039],[72.59127,23.03898],[72.59058,23.03898],[72.59055,23.03873],[72.59031,23.03874],[72.58996,23.03887],[72.58955,23.03893],[72.58887,23.03906],[72.58828,23.03911],[72.58787,23.03914],[72.58755,23.03918],[72.58668,23.0393],[72.58607,23.03938],[72.58521,23.03955],[72.5845,23.03969],[72.58375,23.0398],[72.58297,23.03983],[72.58252,23.03991],[72.58194,23.03991],[72.58115,23.03988],[72.58031,23.03994],[72.5801,23.03994],[72.5796,23.03982],[72.57891,23.0398],[72.57845,23.03973],[72.57792,23.03953],[72.57777,23.03893],[72.57746,23.03778],[72.57713,23.03609],[72.57706,23.03541],[72.57607,23.03546],[72.57492,23.03522],[72.57415,23.03537],[72.57391,23.03555],[72.57363,23.03619],[72.57318,23.03888],[72.57315,23.03974],[72.5731,23.04116],[72.57314,23.04176],[72.57437,23.04375],[72.57456,23.04412],[72.57517,23.04521],[72.57518,23.04565],[72.57535,23.04625],[72.57539,23.04688],[72.57543,23.0471],[72.57542,23.04746],[72.5765,23.04973],[72.57752,23.05114],[72.57885,23.05286],[72.57975,23.05469],[72.58086,23.05563],[72.58166,23.05749],[72.58237,23.05828],[72.58565,23.06029],[72.58684,23.06096],[72.58799,23.0627],[72.58828,23.06258],[72.58893,23.06249],[72.59066,23.063],[72.59147,23.06338],[72.59239,23.06403],[72.59305,23.06461],[72.5943,23.06608],[72.59548,23.06746],[72.59647,23.06836],[72.59725,23.06913],[72.59911,23.072],[72.59954,23.07282],[72.59987,23.07375],[72.59966,23.07758],[72.59967,23.07865],[72.59954,23.08104],[72.59967,23.08163],[72.59939,23.08308],[72.59933,23.08355],[72.59919,23.08428],[72.59917,23.08534],[72.59942,23.08596],[72.5997,23.08602],[72.59934,23.08674],[72.5992,23.08718],[72.59914,23.08759],[72.59891,23.08801],[72.59877,23.08812],[72.59847,23.08858],[72.59828,23.08903],[72.59817,23.08916],[72.59793,23.08934],[72.59772,23.08952],[72.59733,23.08972],[72.59695,23.08985],[72.59684,23.08991],[72.59671,23.09007],[72.59661,23.0903],[72.59654,23.09035],[72.59636,23.09041],[72.59628,23.09051],[72.59625,23.09075],[72.59622,23.09093],[72.59606,23.09161],[72.59572,23.09209],[72.59578,23.09232],[72.59574,23.09317],[72.5959,23.09352],[72.5963,23.094],[72.59655,23.09446],[72.59658,23.0946],[72.59651,23.09464],[72.59633,23.09466],[72.59626,23.09474],[72.59622,23.09508],[72.59618,23.09524],[72.5965,23.09539],[72.59653,23.09559],[72.59647,23.09564],[72.59629,23.09567],[72.59589,23.09567],[72.5951,23.09553],[72.595,23.09626],[72.59497,23.09628],[72.59439,23.09627],[72.59351,23.09617],[72.59339,23.09563],[72.59265,23.09553],[72.5921,23.09542],[72.59178,23.09532],[72.59186,23.09465],[72.59137,23.09462],[72.59134,23.09464],[72.59128,23.09491],[72.59116,23.09493],[72.59056,23.09483],[72.58987,23.09473],[72.58942,23.09469],[72.589,23.09487],[72.58827,23.09496],[72.58806,23.09497],[72.58769,23.0949],[72.5863,23.09435],[72.58569,23.09433],[72.58527,23.09428],[72.58551,23.09489],[72.58562,23.09528],[72.58575,23.09598],[72.58588,23.09653],[72.58603,23.09709],[72.58622,23.09756],[72.58632,23.09817],[72.58641,23.09969],[72.58652,23.10113],[72.58723,23.1015],[72.58802,23.10169],[72.58953,23.10241],[72.5909,23.10291],[72.592,23.10333],[72.59255,23.10356],[72.59362,23.10423],[72.59449,23.10475],[72.59448,23.10575],[72.59482,23.10583],[72.59558,23.10613],[72.59677,23.10662],[72.5974,23.10709],[72.59806,23.1072],[72.59847,23.10732],[72.59906,23.10766],[72.59941,23.10793],[72.59949,23.10803],[72.60019,23.10852],[72.60057,23.10856],[72.60092,23.10855],[72.60135,23.10889],[72.60135,23.10908],[72.60144,23.10927],[72.6014,23.10956],[72.6014,23.10979],[72.6014,23.11013],[72.60157,23.11026],[72.60196,23.1102],[72.60325,23.11034],[72.60377,23.11062],[72.6048,23.11137],[72.6046,23.11172],[72.6047,23.11208],[72.60559,23.11226],[72.606,23.1125],[72.60614,23.11275],[72.60614,23.11298],[72.60615,23.11336],[72.60621,23.11351],[72.60671,23.11379],[72.60671,23.11415],[72.60684,23.11467],[72.60683,23.11479],[72.6069,23.11594],[72.60794,23.11593],[72.60915,23.11579],[72.60915,23.11562],[72.61014,23.11549],[72.61224,23.11544],[72.61294,23.1154],[72.61294,23.11537],[72.61296,23.11525],[72.6132,23.11526],[72.61428,23.11525],[72.61477,23.11515],[72.61598,23.11507],[72.61656,23.11507],[72.6171,23.11506],[72.61747,23.11506],[72.61783,23.11506],[72.61861,23.11505],[72.61845,23.11417],[72.61808,23.11343],[72.6176,23.11256],[72.61738,23.11227],[72.61701,23.11179],[72.61697,23.11094],[72.61692,23.1104],[72.61685,23.10962],[72.61623,23.10925],[72.61608,23.10916],[72.61561,23.10916],[72.61525,23.10902],[72.61477,23.10883],[72.614,23.10833],[72.61385,23.10794],[72.61384,23.10713],[72.61384,23.10656],[72.6135,23.10548],[72.6132,23.1046],[72.61251,23.10461],[72.61182,23.10471],[72.61174,23.10472],[72.61163,23.10435],[72.61155,23.1036],[72.61126,23.10323],[72.61126,23.10303],[72.61126,23.10279],[72.61109,23.10278],[72.61075,23.10277],[72.61074,23.10239],[72.61054,23.10208],[72.6104,23.10179],[72.61026,23.10151],[72.61009,23.10116],[72.6099,23.10079],[72.6099,23.10025],[72.61004,23.09981],[72.6102,23.09927],[72.6105,23.09783],[72.60987,23.09628],[72.61028,23.09458],[72.61083,23.09454],[72.61081,23.09448],[72.61079,23.09436],[72.61082,23.09436],[72.61087,23.09436],[72.61059,23.09414],[72.61044,23.09401],[72.6104,23.09269],[72.61036,23.09151],[72.61049,23.09158],[72.6106,23.09159],[72.61179,23.09175],[72.61319,23.09183],[72.61423,23.09188],[72.61528,23.09188],[72.61682,23.09198],[72.61746,23.09202],[72.6187,23.092],[72.62054,23.09195],[72.62124,23.09193],[72.62193,23.09185],[72.62415,23.0917],[72.62509,23.0916],[72.62645,23.09146],[72.62686,23.09135],[72.62792,23.09109],[72.62839,23.09105],[72.62911,23.091],[72.62993,23.09105],[72.63111,23.09109],[72.63163,23.09112],[72.63274,23.09131],[72.63321,23.09138],[72.63337,23.09141],[72.634,23.09151],[72.63449,23.09156],[72.63458,23.09157],[72.63518,23.0916],[72.63656,23.09181],[72.63737,23.09198],[72.63814,23.0922],[72.63863,23.09241],[72.63876,23.09247],[72.63935,23.09275],[72.63963,23.09293],[72.64008,23.09322],[72.64078,23.09373],[72.64084,23.09377],[72.64213,23.09474],[72.64281,23.09527],[72.64347,23.09601],[72.64431,23.09718],[72.6448,23.09783],[72.64576,23.09937],[72.64627,23.1003],[72.64663,23.10122],[72.64766,23.10116],[72.64805,23.10113],[72.64825,23.10112],[72.64847,23.10109],[72.64876,23.10105],[72.64894,23.10102],[72.64913,23.10098],[72.64933,23.10094],[72.64956,23.10089],[72.64993,23.10079],[72.65038,23.10058],[72.65061,23.10037],[72.65074,23.10022],[72.65099,23.0999],[72.65127,23.09944],[72.65158,23.09884],[72.65165,23.09874],[72.65206,23.09805],[72.65231,23.09754],[72.65264,23.09684],[72.65294,23.09642],[72.65373,23.09572],[72.65399,23.09551],[72.65454,23.09507],[72.65492,23.09478],[72.65503,23.09475],[72.65518,23.09473],[72.65651,23.09483],[72.65754,23.09496],[72.65792,23.0951],[72.65857,23.09538],[72.65892,23.09591],[72.6591,23.09668],[72.65924,23.09687],[72.65943,23.09695],[72.65995,23.09696],[72.66026,23.09691],[72.6604,23.0969],[72.66042,23.09688],[72.66053,23.09682],[72.66053,23.09681],[72.66064,23.09668],[72.66064,23.09665],[72.66065,23.09635],[72.66071,23.09624],[72.66074,23.09618],[72.66102,23.09607],[72.6615,23.09589],[72.6619,23.09574],[72.66221,23.0956],[72.66253,23.09545],[72.66355,23.09523],[72.66395,23.09514],[72.66489,23.09498],[72.66525,23.09484],[72.66592,23.09448],[72.66668,23.09438],[72.66744,23.09392],[72.66866,23.09377],[72.67009,23.0935],[72.67115,23.09315],[72.67178,23.09288],[72.67268,23.09233],[72.67341,23.0919],[72.67398,23.09187],[72.67434,23.09222],[72.67458,23.09273],[72.67526,23.09253],[72.67558,23.09228],[72.67612,23.09211],[72.67634,23.09202],[72.6769,23.09166],[72.67718,23.09158],[72.67756,23.09136],[72.6784,23.09089],[72.67862,23.09107],[72.6793,23.09071],[72.67988,23.09058],[72.68019,23.0901],[72.68057,23.08987],[72.68055,23.08948],[72.68085,23.08922],[72.68118,23.08885],[72.68142,23.08873],[72.68188,23.0884],[72.68204,23.08812],[72.68232,23.0878],[72.68264,23.08774],[72.68338,23.08729],[72.68363,23.08679],[72.68417,23.08627],[72.68483,23.08585],[72.68511,23.08568],[72.68583,23.08583],[72.68616,23.08588],[72.68647,23.08527],[72.68657,23.08498],[72.68655,23.08454],[72.6866,23.08411],[72.68664,23.08372],[72.68663,23.08334],[72.68682,23.08288],[72.68714,23.08239],[72.6874,23.08165],[72.68766,23.08116],[72.68792,23.08072],[72.68795,23.08032],[72.68797,23.07983],[72.6881,23.07931],[72.68831,23.07855],[72.68847,23.07814],[72.68861,23.07786],[72.68883,23.07761],[72.68912,23.07748],[72.68954,23.07741],[72.69005,23.07737],[72.69037,23.07735],[72.69083,23.07738],[72.69133,23.07738],[72.69183,23.07741],[72.69209,23.07741],[72.69273,23.07735],[72.69319,23.07735],[72.69377,23.07733],[72.6942,23.07729],[72.69462,23.07729],[72.69548,23.07743],[72.69583,23.07746],[72.69602,23.07746],[72.69668,23.07745],[72.69746,23.07751],[72.6979,23.07767],[72.69837,23.07783],[72.69904,23.07783],[72.69945,23.07786],[72.69975,23.07789],[72.69992,23.07728],[72.70011,23.07685],[72.70025,23.07646],[72.70044,23.07603],[72.70058,23.07563],[72.70072,23.07532],[72.70102,23.0748],[72.70113,23.07446],[72.7012,23.07404],[72.70132,23.07372],[72.70139,23.07337],[72.70097,23.07334],[72.70051,23.07317],[72.70017,23.07297],[72.69965,23.07281],[72.69908,23.07265],[72.69862,23.07256],[72.69832,23.07265],[72.6978,23.07258],[72.69732,23.07238],[72.69687,23.07205],[72.69641,23.07157],[72.69633,23.07144],[72.69559,23.07144],[72.69509,23.07145],[72.69448,23.07145],[72.694,23.07125],[72.6933,23.07107],[72.6925,23.07104],[72.69216,23.07097],[72.69184,23.07084],[72.69149,23.07075],[72.69125,23.07064],[72.69109,23.07044],[72.69089,23.07044],[72.69045,23.07039],[72.68979,23.07032],[72.68876,23.0702],[72.6871,23.06964],[72.68664,23.06959],[72.68607,23.06954],[72.68539,23.06934],[72.68485,23.06927],[72.68445,23.06925],[72.68377,23.06922],[72.68309,23.06919],[72.68206,23.06918],[72.68098,23.06919],[72.68017,23.06922],[72.67984,23.06926],[72.67877,23.0697],[72.67602,23.06986],[72.67621,23.06916],[72.67627,23.06851],[72.67642,23.0681],[72.6773,23.06772],[72.67832,23.06706],[72.67901,23.06631],[72.68001,23.06545],[72.68063,23.06478],[72.68079,23.06408],[72.68111,23.06309],[72.68097,23.06251],[72.6805,23.0613],[72.68016,23.06004],[72.68007,23.05907],[72.68016,23.05794],[72.68081,23.05706],[72.68203,23.05521],[72.68242,23.0544],[72.68229,23.05331],[72.68193,23.05194],[72.68124,23.05021],[72.68123,23.04898],[72.68141,23.04769],[72.68193,23.04627],[72.6818,23.0457],[72.68154,23.04482],[72.68125,23.04369],[72.68119,23.04139],[72.68107,23.03672],[72.68114,23.0358],[72.68131,23.03531],[72.68159,23.03477],[72.68207,23.0343],[72.68253,23.034],[72.68322,23.03374],[72.68392,23.03364],[72.68464,23.03366],[72.68499,23.03362],[72.68662,23.0334],[72.68668,23.03293],[72.68668,23.03207],[72.68688,23.03039],[72.68688,23.02973],[72.68664,23.02836],[72.68638,23.02721],[72.68601,23.02656],[72.68594,23.0263],[72.68592,23.02588],[72.68623,23.02534],[72.68607,23.02487],[72.68577,23.02459]]]]}},{"type":"Feature","id":"Daskroi","properties":{"taluka":"Daskroi","name":"Daskroi Taluka"},"geometry":{"type":"MultiPolygon","coordinates":[[[[72.53034,22.92523],[72.52818,22.92414],[72.52694,22.92354],[72.52211,22.92079],[72.51963,22.91983],[72.51683,22.919],[72.51126,22.91722],[72.50974,22.9169],[72.50755,22.91645],[72.50722,22.9188],[72.50714,22.91919],[72.50704,22.91957],[72.50704,22.91992],[72.50702,22.92018],[72.50696,22.92056],[72.50692,22.92077],[72.50673,22.92109],[72.50637,22.92114],[72.50587,22.92095],[72.50577,22.92109],[72.50569,22.92154],[72.50533,22.92186],[72.50546,22.92214],[72.50533,22.92239],[72.50504,22.92339],[72.50491,22.92399],[72.50517,22.92398],[72.50515,22.9242],[72.50505,22.92472],[72.50494,22.92499],[72.5048,22.92551],[72.50463,22.92602],[72.50463,22.92634],[72.50449,22.92689],[72.50436,22.9274],[72.5043,22.92756],[72.50343,22.92769],[72.50287,22.92785],[72.50257,22.92777],[72.5023,22.92779],[72.50198,22.92795],[72.5016,22.92805],[72.5014,22.92798],[72.5013,22.9281],[72.50128,22.92851],[72.50053,22.92871],[72.50015,22.92885],[72.4996,22.92913],[72.49922,22.92935],[72.49871,22.92973],[72.49826,22.9296],[72.4979,22.92972],[72.49783,22.92938],[72.49751,22.92939],[72.49713,22.92919],[72.49666,22.92908],[72.49639,22.92902],[72.49633,22.92918],[72.49614,22.92951],[72.49605,22.92987],[72.49602,22.93028],[72.49627,22.93042],[72.49609,22.93084],[72.49608,22.93134],[72.49645,22.93218],[72.49665,22.93241],[72.49719,22.93284],[72.49752,22.93316],[72.49783,22.93334],[72.49839,22.93361],[72.49892,22.93378],[72.49918,22.93405],[72.49927,22.93431],[72.49941,22.93458],[72.4996,22.93483],[72.49974,22.93517],[72.49997,22.93562],[72.49997,22.93595],[72.49997,22.93625],[72.50001,22.937],[72.49996,22.9373],[72.49993,22.93769],[72.49982,22.93816],[72.4998,22.93856],[72.50014,22.93937],[72.50027,22.93987],[72.50041,22.94021],[72.50058,22.94112],[72.50068,22.94152],[72.50086,22.94187],[72.50105,22.94261],[72.50121,22.94331],[72.50095,22.94325],[72.4996,22.94271],[72.49787,22.94223],[72.49624,22.94185],[72.49514,22.94146],[72.49391,22.94112],[72.49364,22.94113],[72.49297,22.94098],[72.4924,22.94087],[72.49152,22.94061],[72.49081,22.94045],[72.49007,22.94021],[72.49017,22.94064],[72.4902,22.94092],[72.48973,22.94097],[72.4892,22.94103],[72.48845,22.94126],[72.48796,22.94152],[72.48778,22.94197],[72.48731,22.94235],[72.48695,22.94262],[72.48666,22.94296],[72.48648,22.94339],[72.48636,22.94402],[72.48621,22.94457],[72.48599,22.94521],[72.48636,22.94671],[72.48645,22.9472],[72.48647,22.94767],[72.48579,22.94774],[72.48509,22.94765],[72.48464,22.94758],[72.48452,22.94756],[72.48396,22.94742],[72.47239,22.94919],[72.46874,22.94764],[72.46415,22.94646],[72.46153,22.94448],[72.45694,22.94294],[72.45423,22.94207],[72.45398,22.93942],[72.45423,22.93227],[72.45406,22.92879],[72.45252,22.925],[72.45415,22.92243],[72.4593,22.91903],[72.46076,22.91658],[72.45655,22.90978],[72.45071,22.89839],[72.44814,22.89737],[72.44651,22.90013],[72.4435,22.90021],[72.44205,22.89839],[72.43707,22.89895],[72.43389,22.90164],[72.43003,22.90187],[72.42368,22.90132],[72.42239,22.90132],[72.42222,22.89555],[72.42557,22.89413],[72.42891,22.89199],[72.429,22.8829],[72.42951,22.87586],[72.43132,22.86985],[72.43089,22.86423],[72.43082,22.86022],[72.43685,22.86044],[72.44071,22.8604],[72.44415,22.85949],[72.44921,22.85573],[72.46084,22.85047],[72.46436,22.84861],[72.46732,22.84312],[72.47118,22.84248],[72.47835,22.84149],[72.48457,22.8375],[72.48977,22.83612],[72.49856,22.8343],[72.50045,22.83176],[72.5029,22.82567],[72.50496,22.82223],[72.50878,22.81986],[72.51474,22.8184],[72.52324,22.81867],[72.52464,22.81794],[72.52205,22.7958],[72.52216,22.79591],[72.5222,22.79597],[72.52242,22.79617],[72.52503,22.79716],[72.52709,22.798],[72.52952,22.79914],[72.53014,22.79931],[72.5307,22.79964],[72.53159,22.80026],[72.53231,22.80085],[72.5331,22.80182],[72.53359,22.80242],[72.53408,22.80247],[72.53521,22.80292],[72.53605,22.80338],[72.53689,22.8039],[72.53744,22.80429],[72.53775,22.8047],[72.53803,22.80514],[72.53829,22.80556],[72.53865,22.80605],[72.54035,22.806],[72.54118,22.806],[72.54143,22.80602],[72.54159,22.80604],[72.54174,22.80623],[72.54181,22.80632],[72.5419,22.80629],[72.54213,22.80622],[72.5425,22.8062],[72.54406,22.80667],[72.54461,22.80678],[72.54497,22.80682],[72.54535,22.80686],[72.54596,22.80667],[72.54604,22.80639],[72.54775,22.80652],[72.54844,22.80887],[72.54873,22.80969],[72.54871,22.81015],[72.54846,22.81058],[72.5482,22.8109],[72.54813,22.8111],[72.54824,22.81149],[72.54834,22.81198],[72.54847,22.81258],[72.54861,22.81302],[72.54876,22.81348],[72.54931,22.81427],[72.55,22.81496],[72.55147,22.816],[72.55154,22.81605],[72.55345,22.81709],[72.55411,22.81765],[72.55414,22.81772],[72.55417,22.8178],[72.55448,22.81824],[72.55452,22.8183],[72.55475,22.81849],[72.55542,22.81875],[72.55568,22.81877],[72.5563,22.81896],[72.55661,22.81903],[72.55771,22.81939],[72.55789,22.81949],[72.5581,22.81961],[72.55864,22.81983],[72.55941,22.82037],[72.56018,22.82087],[72.56233,22.82137],[72.56275,22.82154],[72.56398,22.82194],[72.56436,22.82211],[72.56477,22.8223],[72.56551,22.82278],[72.56645,22.82349],[72.5673,22.82431],[72.5679,22.82473],[72.56823,22.8251],[72.56842,22.82563],[72.56883,22.82587],[72.57,22.82676],[72.57035,22.82689],[72.57215,22.82616],[72.57236,22.82605],[72.5727,22.82586],[72.57312,22.82549],[72.57325,22.825],[72.57359,22.82463],[72.57504,22.82375],[72.57705,22.82234],[72.57845,22.82114],[72.57932,22.8204],[72.58018,22.81979],[72.58088,22.8193],[72.58142,22.81907],[72.58152,22.81977],[72.58157,22.82006],[72.58162,22.8204],[72.58163,22.82075],[72.58165,22.82142],[72.58186,22.8223],[72.58186,22.82251],[72.58186,22.82276],[72.58204,22.82282],[72.58232,22.82292],[72.58287,22.82303],[72.58318,22.8231],[72.58333,22.82353],[72.5855,22.82361],[72.58556,22.824],[72.58666,22.82413],[72.58764,22.82413],[72.58861,22.82424],[72.58952,22.82429],[72.59007,22.82393],[72.59061,22.82337],[72.59069,22.82333],[72.59213,22.82354],[72.59449,22.82426],[72.59498,22.82464],[72.59536,22.82472],[72.59559,22.82478],[72.59599,22.82483],[72.59663,22.82491],[72.59763,22.82491],[72.59805,22.82283],[72.59823,22.82222],[72.59816,22.82173],[72.59819,22.82131],[72.59834,22.82082],[72.59861,22.81992],[72.59951,22.81743],[72.59879,22.81676],[72.59827,22.8163],[72.59854,22.81587],[72.59887,22.81562],[72.59902,22.81558],[72.59938,22.81571],[72.59962,22.81557],[72.59981,22.81537],[72.59995,22.81537],[72.60002,22.81537],[72.60028,22.81546],[72.60049,22.81563],[72.60096,22.81601],[72.6015,22.81633],[72.60178,22.81643],[72.60223,22.81645],[72.60234,22.81641],[72.60238,22.8164],[72.60245,22.81636],[72.60257,22.81629],[72.60281,22.81588],[72.60312,22.8156],[72.60337,22.81551],[72.60383,22.81544],[72.60431,22.81531],[72.60465,22.81515],[72.6049,22.81503],[72.60547,22.81467],[72.60558,22.81461],[72.60626,22.81424],[72.60692,22.81402],[72.60726,22.81398],[72.60772,22.8137],[72.60804,22.81358],[72.60812,22.81387],[72.60818,22.81407],[72.60818,22.81421],[72.60819,22.8154],[72.6079,22.81618],[72.60746,22.81689],[72.60722,22.81719],[72.60698,22.81798],[72.60682,22.81891],[72.60659,22.81981],[72.60648,22.82035],[72.6064,22.82074],[72.60627,22.82169],[72.60622,22.82237],[72.60688,22.82265],[72.60714,22.82272],[72.60778,22.8229],[72.60782,22.82293],[72.60745,22.82377],[72.60644,22.82562],[72.60529,22.82805],[72.6037,22.83125],[72.60474,22.83247],[72.60476,22.83261],[72.60476,22.83262],[72.60432,22.83349],[72.60414,22.83386],[72.60378,22.83443],[72.6034,22.83474],[72.603,22.83512],[72.60263,22.8353],[72.60221,22.83558],[72.60217,22.83563],[72.60235,22.83693],[72.60241,22.83792],[72.60251,22.83849],[72.60259,22.83894],[72.60275,22.83948],[72.60287,22.8399],[72.6032,22.84075],[72.60339,22.84155],[72.60396,22.84351],[72.60474,22.845],[72.60527,22.84576],[72.60582,22.84663],[72.60633,22.84864],[72.60647,22.85006],[72.60673,22.85113],[72.60692,22.85189],[72.6068,22.8525],[72.60638,22.85381],[72.60628,22.85422],[72.60613,22.85486],[72.6062,22.85657],[72.60636,22.85734],[72.60694,22.85745],[72.60696,22.85794],[72.60676,22.85866],[72.60763,22.86023],[72.60776,22.86039],[72.60815,22.86125],[72.60828,22.86145],[72.60835,22.86165],[72.60848,22.86186],[72.60863,22.86229],[72.60863,22.86274],[72.6085,22.86306],[72.60785,22.86409],[72.60694,22.8654],[72.60651,22.86592],[72.60284,22.86455],[72.60273,22.86481],[72.60197,22.86536],[72.60172,22.86547],[72.60141,22.86541],[72.60133,22.86554],[72.60124,22.86567],[72.60087,22.86595],[72.60047,22.86614],[72.60028,22.8664],[72.60024,22.86645],[72.60015,22.86674],[72.60009,22.86695],[72.5999,22.86785],[72.59976,22.8687],[72.59929,22.8706],[72.59924,22.8709],[72.59901,22.87219],[72.59982,22.87284],[72.60034,22.87317],[72.60067,22.87333],[72.60095,22.87347],[72.60098,22.87352],[72.60102,22.87359],[72.601,22.8737],[72.60097,22.87382],[72.60114,22.87401],[72.60121,22.87409],[72.60153,22.87429],[72.60217,22.87469],[72.60312,22.87543],[72.6035,22.87582],[72.60374,22.87644],[72.60381,22.87681],[72.60405,22.87756],[72.60422,22.87778],[72.60435,22.87785],[72.60441,22.87788],[72.60477,22.87784],[72.60504,22.87776],[72.60519,22.87771],[72.60533,22.87761],[72.60544,22.87781],[72.60552,22.87812],[72.60576,22.8788],[72.60582,22.87908],[72.60588,22.87941],[72.6059,22.87992],[72.60627,22.88092],[72.60701,22.88254],[72.60713,22.88285],[72.60721,22.88308],[72.60677,22.88329],[72.606,22.88374],[72.60692,22.88498],[72.60738,22.88534],[72.60772,22.88565],[72.6081,22.88619],[72.60911,22.88595],[72.60988,22.88572],[72.61077,22.88555],[72.61111,22.8857],[72.61154,22.88582],[72.6119,22.88582],[72.61262,22.8859],[72.61272,22.88641],[72.6136,22.88639],[72.61365,22.88713],[72.61405,22.88717],[72.61445,22.88729],[72.61478,22.88761],[72.61534,22.88773],[72.61554,22.88765],[72.61585,22.88721],[72.61616,22.88679],[72.61639,22.88651],[72.61683,22.88597],[72.61738,22.88535],[72.61796,22.88487],[72.62074,22.88388],[72.62357,22.88323],[72.62583,22.88262],[72.62879,22.88188],[72.62949,22.88191],[72.62977,22.88192],[72.63024,22.8819],[72.63088,22.88186],[72.63175,22.88186],[72.63321,22.88175],[72.63346,22.88176],[72.63377,22.88176],[72.63433,22.88303],[72.63448,22.88362],[72.63462,22.88381],[72.63499,22.88444],[72.63499,22.88462],[72.63499,22.88479],[72.63495,22.88516],[72.63492,22.88543],[72.63476,22.8863],[72.63479,22.88668],[72.63482,22.88698],[72.63479,22.88735],[72.63473,22.88818],[72.63465,22.88867],[72.63471,22.88906],[72.6351,22.88964],[72.63582,22.89013],[72.63635,22.89039],[72.63659,22.8905],[72.63731,22.89094],[72.63798,22.89167],[72.63829,22.89191],[72.63849,22.89207],[72.63904,22.89228],[72.64033,22.89248],[72.64081,22.89266],[72.64106,22.89296],[72.64105,22.89321],[72.64111,22.89414],[72.64104,22.89485],[72.64122,22.89505],[72.64178,22.89543],[72.64235,22.89581],[72.64289,22.89643],[72.64317,22.89674],[72.64352,22.89721],[72.64359,22.89731],[72.64368,22.89735],[72.64378,22.89739],[72.64436,22.8973],[72.64512,22.897],[72.6467,22.89654],[72.64719,22.89635],[72.6474,22.89626],[72.64761,22.89604],[72.6477,22.89508],[72.64777,22.89433],[72.64785,22.89411],[72.64793,22.8939],[72.64812,22.89388],[72.64838,22.89385],[72.65269,22.89355],[72.65327,22.89348],[72.65377,22.89341],[72.65475,22.89341],[72.65586,22.89324],[72.65827,22.89428],[72.65924,22.89453],[72.66144,22.89509],[72.66554,22.89551],[72.66755,22.89545],[72.66758,22.89542],[72.66806,22.89479],[72.66887,22.89396],[72.66943,22.89315],[72.66969,22.89284],[72.67011,22.89246],[72.67042,22.89206],[72.67075,22.89162],[72.67022,22.89129],[72.66909,22.89085],[72.66845,22.89033],[72.66796,22.88901],[72.66772,22.88839],[72.66773,22.88772],[72.66811,22.88743],[72.6683,22.88704],[72.66846,22.88669],[72.66951,22.88528],[72.67026,22.88346],[72.67078,22.88271],[72.67124,22.88259],[72.67163,22.88247],[72.67197,22.88236],[72.67252,22.88207],[72.67288,22.88179],[72.67292,22.88173],[72.67304,22.88157],[72.67319,22.88135],[72.67361,22.88058],[72.67384,22.88048],[72.67449,22.8805],[72.67473,22.88051],[72.67526,22.88066],[72.6754,22.88154],[72.67564,22.88163],[72.67785,22.88157],[72.67793,22.88062],[72.678,22.88049],[72.67808,22.88034],[72.68,22.88008],[72.68066,22.88004],[72.68101,22.88007],[72.68108,22.88011],[72.6813,22.88025],[72.68142,22.88058],[72.68171,22.88092],[72.6833,22.88102],[72.68327,22.88168],[72.68378,22.88181],[72.68415,22.88174],[72.68495,22.8816],[72.68602,22.88104],[72.6868,22.8804],[72.68758,22.88006],[72.68803,22.87985],[72.68857,22.87964],[72.68918,22.87961],[72.6898,22.87984],[72.69031,22.88002],[72.69177,22.88062],[72.69292,22.88125],[72.69346,22.88082],[72.69379,22.88067],[72.69427,22.88097],[72.69658,22.88299],[72.69702,22.88331],[72.69835,22.88334],[72.69875,22.88342],[72.69926,22.8836],[72.69944,22.8837],[72.69964,22.88381],[72.70013,22.88439],[72.70018,22.88446],[72.7014,22.88706],[72.70179,22.88743],[72.70277,22.88777],[72.7037,22.88796],[72.70454,22.88825],[72.70458,22.88828],[72.70466,22.88833],[72.7051,22.8886],[72.70563,22.88894],[72.70657,22.88969],[72.70714,22.89035],[72.70744,22.89081],[72.70761,22.89119],[72.70773,22.89135],[72.70787,22.89153],[72.70747,22.89188],[72.70725,22.89209],[72.70794,22.89267],[72.70877,22.89313],[72.70899,22.89334],[72.70937,22.89369],[72.70949,22.89397],[72.70951,22.89465],[72.70961,22.89542],[72.70982,22.89625],[72.71033,22.89669],[72.71059,22.89691],[72.71143,22.89875],[72.71212,22.89965],[72.71285,22.9007],[72.71349,22.90172],[72.71444,22.9036],[72.71485,22.90407],[72.71544,22.90441],[72.71589,22.90474],[72.71617,22.9055],[72.71608,22.90606],[72.71589,22.90683],[72.71579,22.90763],[72.7154,22.90822],[72.71707,22.9085],[72.71983,22.9088],[72.72077,22.90878],[72.72145,22.90872],[72.72154,22.90903],[72.72291,22.90903],[72.72331,22.9091],[72.7236,22.90916],[72.7234,22.91007],[72.72334,22.91057],[72.72327,22.9111],[72.72333,22.91133],[72.72329,22.9118],[72.72327,22.9121],[72.72326,22.91235],[72.72318,22.91308],[72.72314,22.91381],[72.72458,22.91432],[72.72656,22.9147],[72.72853,22.91494],[72.72976,22.91494],[72.73085,22.91488],[72.73311,22.91464],[72.73333,22.91455],[72.73366,22.91442],[72.7337,22.9138],[72.73366,22.91371],[72.73414,22.91363],[72.73463,22.91355],[72.73534,22.91346],[72.73578,22.9134],[72.73654,22.91335],[72.73762,22.91344],[72.73784,22.9128],[72.73766,22.91198],[72.73711,22.91104],[72.73648,22.91027],[72.73624,22.90938],[72.73627,22.90922],[72.73648,22.90826],[72.73683,22.908],[72.73742,22.90781],[72.73781,22.90785],[72.73829,22.90798],[72.73875,22.90819],[72.73949,22.90866],[72.73978,22.9088],[72.74013,22.90889],[72.74051,22.90893],[72.74072,22.90895],[72.74086,22.90894],[72.74114,22.90892],[72.74169,22.90879],[72.74201,22.90865],[72.74201,22.90848],[72.74199,22.90802],[72.74155,22.90723],[72.74083,22.90606],[72.7416,22.90584],[72.74201,22.90572],[72.74225,22.90594],[72.74293,22.90659],[72.74345,22.90704],[72.74369,22.90724],[72.7445,22.90782],[72.74516,22.90821],[72.74552,22.90843],[72.74632,22.90882],[72.74701,22.9091],[72.74771,22.90933],[72.74939,22.90933],[72.75,22.90935],[72.75056,22.90937],[72.75147,22.90914],[72.75214,22.90905],[72.75248,22.90901],[72.75275,22.90898],[72.75324,22.90892],[72.75387,22.90896],[72.75443,22.909],[72.75529,22.90918],[72.75606,22.90934],[72.75694,22.90982],[72.7576,22.91029],[72.75771,22.9101],[72.75788,22.90979],[72.75805,22.90946],[72.75841,22.90922],[72.75883,22.90895],[72.75915,22.90791],[72.75961,22.90722],[72.75973,22.90716],[72.75981,22.90712],[72.76007,22.90699],[72.76026,22.90702],[72.76044,22.90704],[72.76081,22.9071],[72.76125,22.90707],[72.76165,22.90705],[72.76196,22.9071],[72.76226,22.90715],[72.76285,22.9075],[72.76326,22.90774],[72.76338,22.90778],[72.76383,22.90788],[72.76412,22.90788],[72.76434,22.90788],[72.76485,22.90787],[72.7654,22.90798],[72.76542,22.90798],[72.7657,22.90799],[72.76607,22.908],[72.76617,22.908],[72.76688,22.908],[72.76705,22.90802],[72.76714,22.90803],[72.76724,22.90804],[72.76739,22.90806],[72.76779,22.90837],[72.76825,22.90873],[72.76886,22.90869],[72.76958,22.90886],[72.7697,22.90901],[72.77047,22.90916],[72.77095,22.90928],[72.77113,22.90932],[72.77239,22.90828],[72.77318,22.90767],[72.77381,22.90729],[72.7747,22.90687],[72.77582,22.90662],[72.77696,22.90655],[72.77813,22.9065],[72.77876,22.90661],[72.77991,22.90682],[72.78067,22.90696],[72.78111,22.90711],[72.78161,22.90727],[72.78201,22.90741],[72.78223,22.90748],[72.78266,22.90762],[72.78359,22.90796],[72.78441,22.90822],[72.78492,22.90832],[72.78556,22.90839],[72.78699,22.90816],[72.78798,22.90801],[72.78923,22.908],[72.79013,22.90787],[72.79057,22.9079],[72.79107,22.90794],[72.79121,22.90795],[72.79101,22.90874],[72.79013,22.91115],[72.78936,22.91367],[72.78892,22.9152],[72.78929,22.91545],[72.7896,22.91567],[72.79119,22.91632],[72.79171,22.91636],[72.79312,22.91651],[72.79343,22.91654],[72.79572,22.91675],[72.79565,22.91811],[72.79659,22.9182],[72.79876,22.9191],[72.79929,22.91931],[72.79939,22.9195],[72.79955,22.91978],[72.79918,22.92271],[72.79823,22.92459],[72.79777,22.92599],[72.79776,22.92631],[72.79776,22.92655],[72.79841,22.92721],[72.79861,22.92764],[72.79849,22.92784],[72.79845,22.92792],[72.79833,22.92833],[72.79857,22.929],[72.79875,22.92975],[72.79861,22.93027],[72.79851,22.93069],[72.79758,22.93137],[72.79803,22.93148],[72.79966,22.93189],[72.80276,22.93262],[72.80315,22.93273],[72.80354,22.93284],[72.80405,22.93305],[72.80431,22.93355],[72.80525,22.93333],[72.80588,22.93268],[72.80568,22.93366],[72.80559,22.93444],[72.80535,22.93487],[72.80535,22.93515],[72.80535,22.93573],[72.80529,22.93657],[72.80527,22.93742],[72.80515,22.93849],[72.80511,22.93931],[72.80497,22.94091],[72.80494,22.94123],[72.80487,22.9417],[72.805,22.94176],[72.80512,22.94182],[72.8054,22.94189],[72.80571,22.94198],[72.80622,22.94213],[72.80676,22.94214],[72.80722,22.94232],[72.80748,22.94249],[72.80768,22.94261],[72.80801,22.94279],[72.80815,22.94281],[72.8084,22.94286],[72.80864,22.94277],[72.80881,22.94256],[72.809,22.94259],[72.80925,22.94266],[72.80944,22.94269],[72.80956,22.94271],[72.80999,22.94287],[72.81047,22.94322],[72.81085,22.94369],[72.81127,22.94428],[72.81178,22.94504],[72.81189,22.94536],[72.81207,22.94577],[72.81241,22.94648],[72.81265,22.94714],[72.81271,22.94763],[72.81285,22.94798],[72.81306,22.94824],[72.81337,22.94845],[72.81348,22.9485],[72.81377,22.94863],[72.81417,22.94881],[72.81434,22.94888],[72.81495,22.94915],[72.8152,22.94921],[72.81533,22.94925],[72.81586,22.94948],[72.81603,22.94959],[72.81627,22.94975],[72.8166,22.95004],[72.81666,22.95012],[72.81681,22.9503],[72.81695,22.95056],[72.81704,22.95088],[72.81704,22.9512],[72.81711,22.95165],[72.81719,22.95209],[72.81726,22.95224],[72.81733,22.95238],[72.81751,22.95254],[72.81757,22.95259],[72.81811,22.95276],[72.81852,22.95302],[72.81881,22.95329],[72.81907,22.95367],[72.81934,22.9539],[72.81948,22.95394],[72.81959,22.95397],[72.81969,22.95399],[72.81994,22.95404],[72.82032,22.95401],[72.82065,22.95406],[72.8209,22.95412],[72.82111,22.95429],[72.82144,22.95439],[72.82169,22.95447],[72.82221,22.95456],[72.82242,22.95465],[72.82252,22.95476],[72.82262,22.95485],[72.82265,22.95491],[72.82273,22.95509],[72.82287,22.95531],[72.82298,22.95547],[72.82325,22.95589],[72.82335,22.95598],[72.82349,22.9561],[72.82375,22.95625],[72.82383,22.9563],[72.82395,22.95635],[72.82421,22.95645],[72.82454,22.95668],[72.82493,22.95687],[72.82539,22.957],[72.8258,22.9566],[72.82627,22.9557],[72.82647,22.95473],[72.82653,22.95451],[72.82658,22.95431],[72.82707,22.95442],[72.82735,22.95476],[72.82759,22.95522],[72.82771,22.95543],[72.82778,22.95557],[72.82793,22.9558],[72.82863,22.95631],[72.82871,22.95637],[72.82959,22.95671],[72.8305,22.95678],[72.83118,22.95714],[72.83137,22.95725],[72.83143,22.95728],[72.832,22.95759],[72.83288,22.95843],[72.83346,22.95894],[72.83409,22.95941],[72.83447,22.95988],[72.83453,22.96006],[72.83472,22.96057],[72.83496,22.96084],[72.83532,22.96168],[72.83785,22.96341],[72.8384,22.96436],[72.83865,22.96407],[72.83901,22.96367],[72.8394,22.96326],[72.83954,22.96309],[72.83979,22.96281],[72.84004,22.96253],[72.84013,22.96252],[72.84021,22.9625],[72.84034,22.96257],[72.84048,22.96263],[72.84079,22.96287],[72.84093,22.96323],[72.84115,22.96385],[72.84125,22.96482],[72.84176,22.96545],[72.84237,22.96618],[72.84262,22.96711],[72.84234,22.9678],[72.8417,22.9685],[72.84098,22.96901],[72.8404,22.96963],[72.83932,22.9705],[72.83923,22.97087],[72.8392,22.97101],[72.83925,22.97158],[72.83935,22.97188],[72.8394,22.97202],[72.83948,22.97227],[72.83966,22.9731],[72.8397,22.97386],[72.83946,22.9741],[72.83934,22.97422],[72.83925,22.97467],[72.83923,22.97475],[72.83909,22.97595],[72.83917,22.97606],[72.83927,22.97619],[72.83943,22.97641],[72.83979,22.97681],[72.83993,22.97697],[72.83979,22.97711],[72.83929,22.97716],[72.83926,22.97716],[72.8392,22.97752],[72.83917,22.97767],[72.83896,22.97786],[72.83869,22.97778],[72.83848,22.97771],[72.83829,22.97794],[72.83809,22.97848],[72.83787,22.9794],[72.83782,22.9796],[72.83772,22.98037],[72.83826,22.98098],[72.83867,22.9816],[72.83873,22.98168],[72.83656,22.9816],[72.8338,22.9818],[72.83141,22.98215],[72.83114,22.98405],[72.83242,22.98717],[72.83663,22.9965],[72.83635,22.99755],[72.83614,22.99848],[72.83599,22.99931],[72.8356,23.00035],[72.83517,23.00148],[72.8344,23.00209],[72.83311,23.00304],[72.8318,23.00359],[72.82856,23.00488],[72.8247,23.00529],[72.82418,23.00573],[72.82384,23.00626],[72.82386,23.00683],[72.82373,23.00938],[72.82337,23.01015],[72.82236,23.01104],[72.82125,23.01135],[72.82034,23.01169],[72.81959,23.01295],[72.81987,23.01359],[72.82094,23.0138],[72.8218,23.0138],[72.82238,23.0138],[72.82335,23.01372],[72.82459,23.01384],[72.825,23.01434],[72.82461,23.01546],[72.82438,23.01722],[72.82414,23.01815],[72.82369,23.01884],[72.82303,23.01927],[72.82232,23.01914],[72.82129,23.01868],[72.82026,23.01833],[72.81946,23.01783],[72.81835,23.01708],[72.81813,23.0173],[72.81785,23.01819],[72.81751,23.01916],[72.817,23.02014],[72.8165,23.02091],[72.81614,23.02204],[72.81577,23.02283],[72.81406,23.02255],[72.81245,23.02196],[72.81062,23.02283],[72.80899,23.02415],[72.80773,23.02569],[72.80723,23.02646],[72.80756,23.02739],[72.80912,23.02883],[72.81004,23.02925],[72.81099,23.02978],[72.8117,23.03045],[72.81165,23.03134],[72.81163,23.03191],[72.81172,23.03243],[72.81195,23.03288],[72.81286,23.03324],[72.8135,23.03329],[72.81408,23.03312],[72.81474,23.03308],[72.81504,23.03385],[72.81496,23.03527],[72.81564,23.03687],[72.81545,23.03774],[72.81425,23.03825],[72.81316,23.03853],[72.81142,23.03847],[72.81028,23.03819],[72.80871,23.03776],[72.80738,23.03717],[72.80618,23.03677],[72.80464,23.03663],[72.80318,23.03794],[72.80245,23.03847],[72.8018,23.03914],[72.80178,23.03989],[72.80187,23.04042],[72.80099,23.04068],[72.7997,23.04062],[72.79867,23.04115],[72.79807,23.04204],[72.79605,23.04315],[72.79472,23.0436],[72.79552,23.04706],[72.79646,23.04836],[72.79745,23.04939],[72.79781,23.05067],[72.79766,23.05138],[72.79567,23.05217],[72.79453,23.05389],[72.79249,23.0565],[72.78921,23.05847],[72.78631,23.05883],[72.78217,23.05837],[72.77874,23.05821],[72.77685,23.05851],[72.77357,23.05839],[72.77211,23.05823],[72.77071,23.05829],[72.77013,23.05865],[72.76934,23.05924],[72.76762,23.05967],[72.76636,23.05989],[72.7697,23.0671],[72.77041,23.06868],[72.77148,23.07008],[72.77303,23.07193],[72.77567,23.07371],[72.77702,23.07578],[72.77756,23.07693],[72.77792,23.07857],[72.77599,23.08311],[72.77522,23.0855],[72.77415,23.08692],[72.77269,23.08818],[72.77084,23.08889],[72.76908,23.09092],[72.76702,23.0942],[72.76606,23.09544],[72.76397,23.09625],[72.76191,23.09639],[72.75945,23.09574],[72.75664,23.09432],[72.75499,23.09281],[72.7545,23.09186],[72.75305,23.09069],[72.75031,23.09],[72.7485,23.08982],[72.74696,23.08962],[72.74567,23.08912],[72.74444,23.08889],[72.74399,23.08903],[72.74369,23.08937],[72.74349,23.09002],[72.74356,23.09117],[72.74342,23.09353],[72.7434,23.09454],[72.74362,23.09583],[72.74405,23.09691],[72.74464,23.098],[72.74488,23.09875],[72.74432,23.09992],[72.74316,23.09874],[72.74185,23.09799],[72.7408,23.09791],[72.73992,23.09819],[72.73885,23.09837],[72.73812,23.09933],[72.73737,23.09994],[72.73664,23.09989],[72.73561,23.09846],[72.73529,23.09791],[72.73396,23.09787],[72.73316,23.0988],[72.73297,23.09963],[72.7311,23.09912],[72.72861,23.09835],[72.72344,23.09726],[72.72127,23.09694],[72.71932,23.09625],[72.71786,23.09568],[72.7166,23.09538],[72.7161,23.09663],[72.71537,23.09876],[72.71503,23.10103],[72.71389,23.10456],[72.71344,23.10573],[72.71316,23.10685],[72.71239,23.10796],[72.71175,23.10861],[72.7105,23.10985],[72.70984,23.11058],[72.70849,23.11056],[72.70722,23.11015],[72.70625,23.11013],[72.70542,23.11054],[72.70404,23.11143],[72.70155,23.11085],[72.70045,23.11095],[72.7,23.11143],[72.69973,23.11195],[72.69826,23.11155],[72.69673,23.11099],[72.69554,23.10861],[72.69412,23.10656],[72.69267,23.10462],[72.68975,23.10253],[72.68892,23.10235],[72.68705,23.10227],[72.68447,23.10202],[72.68312,23.10208],[72.68239,23.10219],[72.68121,23.10239],[72.68111,23.1032],[72.68115,23.10452],[72.68117,23.10596],[72.67986,23.10656],[72.67791,23.10638],[72.67613,23.10701],[72.67377,23.10782],[72.67181,23.10808],[72.66814,23.09943],[72.66525,23.09484],[72.66592,23.09448],[72.66668,23.09438],[72.66744,23.09392],[72.66866,23.09377],[72.67009,23.0935],[72.67115,23.09315],[72.67178,23.09288],[72.67268,23.09233],[72.67341,23.0919],[72.67398,23.09187],[72.67434,23.09222],[72.67458,23.09273],[72.67526,23.09253],[72.67558,23.09228],[72.67612,23.09211],[72.67634,23.09202],[72.6769,23.09166],[72.67718,23.09158],[72.67756,23.09136],[72.6784,23.09089],[72.67862,23.09107],[72.6793,23.09071],[72.67988,23.09058],[72.68019,23.0901],[72.68057,23.08987],[72.68055,23.08948],[72.68085,23.08922],[72.68118,23.08885],[72.68142,23.08873],[72.68188,23.0884],[72.68204,23.08812],[72.68232,23.0878],[72.68264,23.08774],[72.68338,23.08729],[72.68363,23.08679],[72.68417,23.08627],[72.68483,23.08585],[72.68511,23.08568],[72.68583,23.08583],[72.68616,23.08588],[72.68647,23.08527],[72.68657,23.08498],[72.68655,23.08454],[72.6866,23.08411],[72.68664,23.08372],[72.68663,23.08334],[72.68682,23.08288],[72.68714,23.08239],[72.6874,23.08165],[72.68766,23.08116],[72.68792,23.08072],[72.68795,23.08032],[72.68797,23.07983],[72.6881,23.07931],[72.68831,23.07855],[72.68847,23.07814],[72.68861,23.07786],[72.68883,23.07761],[72.68912,23.07748],[72.68954,23.07741],[72.69005,23.07737],[72.69037,23.07735],[72.69083,23.07738],[72.69133,23.07738],[72.69183,23.07741],[72.69209,23.07741],[72.69273,23.07735],[72.69319,23.07735],[72.69377,23.07733],[72.6942,23.07729],[72.69462,23.07729],[72.69548,23.07743],[72.69583,23.07746],[72.69602,23.07746],[72.69668,23.07745],[72.69746,23.07751],[72.6979,23.07767],[72.69837,23.07783],[72.69904,23.07783],[72.69945,23.07786],[72.69975,23.07789],[72.69992,23.07728],[72.70011,23.07685],[72.70025,23.07646],[72.70044,23.07603],[72.70058,23.07563],[72.70072,23.07532],[72.70102,23.0748],[72.70113,23.07446],[72.7012,23.07404],[72.70132,23.07372],[72.70139,23.07337],[72.70097,23.07334],[72.70051,23.07317],[72.70017,23.07297],[72.69965,23.07281],[72.69908,23.07265],[72.69862,23.07256],[72.69832,23.07265],[72.6978,23.07258],[72.69732,23.07238],[72.69687,23.07205],[72.69641,23.07157],[72.69633,23.07144],[72.69559,23.07144],[72.69509,23.07145],[72.69448,23.07145],[72.694,23.07125],[72.6933,23.07107],[72.6925,23.07104],[72.69216,23.07097],[72.69184,23.07084],[72.69149,23.07075],[72.69125,23.07064],[72.69109,23.07044],[72.69089,23.07044],[72.69045,23.07039],[72.68979,23.07032],[72.68876,23.0702],[72.6871,23.06964],[72.68664,23.06959],[72.68607,23.06954],[72.68539,23.06934],[72.68485,23.06927],[72.68445,23.06925],[72.68377,23.06922],[72.68309,23.06919],[72.68206,23.06918],[72.68098,23.06919],[72.68017,23.06922],[72.67984,23.06926],[72.67877,23.0697],[72.67602,23.06986],[72.67621,23.06916],[72.67627,23.06851],[72.67642,23.0681],[72.6773,23.06772],[72.67832,23.06706],[72.67901,23.06631],[72.68001,23.06545],[72.68063,23.06478],[72.68079,23.06408],[72.68111,23.06309],[72.68097,23.06251],[72.6805,23.0613],[72.68016,23.06004],[72.68007,23.05907],[72.68016,23.05794],[72.68081,23.05706],[72.68203,23.05521],[72.68242,23.0544],[72.68229,23.05331],[72.68193,23.05194],[72.68124,23.05021],[72.68123,23.04898],[72.68141,23.04769],[72.68193,23.04627],[72.6818,23.0457],[72.68154,23.04482],[72.68125,23.04369],[72.68119,23.04139],[72.68107,23.03672],[72.68114,23.0358],[72.68131,23.03531],[72.68159,23.03477],[72.68207,23.0343],[72.68253,23.034],[72.68322,23.03374],[72.68392,23.03364],[72.68464,23.03366],[72.68499,23.03362],[72.68662,23.0334],[72.68668,23.03293],[72.68668,23.03207],[72.68688,23.03039],[72.68688,23.02973],[72.68664,23.02836],[72.68638,23.02721],[72.68601,23.02656],[72.68594,23.0263],[72.68592,23.02588],[72.68623,23.02534],[72.68607,23.02487],[72.68577,23.02459],[72.68594,23.02421],[72.68611,23.02372],[72.68596,23.02286],[72.68596,23.02223],[72.68588,23.0216],[72.68466,23.02132],[72.68322,23.02106],[72.68244,23.02077],[72.68154,23.02031],[72.68064,23.01989],[72.68049,23.01949],[72.68046,23.01903],[72.68029,23.0187],[72.68009,23.01814],[72.68022,23.01768],[72.68046,23.01746],[72.68064,23.01718],[72.68107,23.01712],[72.68199,23.01728],[72.68196,23.01675],[72.6819,23.01637],[72.68142,23.01474],[72.68126,23.01377],[72.68129,23.01241],[72.6812,23.01176],[72.68203,23.01188],[72.68243,23.01209],[72.683,23.01219],[72.68385,23.01225],[72.68442,23.01237],[72.68498,23.01223],[72.68578,23.01215],[72.68636,23.01145],[72.68679,23.01102],[72.68707,23.01062],[72.68744,23.01018],[72.6878,23.00969],[72.68808,23.00937],[72.68903,23.00821],[72.68954,23.00777],[72.68991,23.00735],[72.69046,23.00694],[72.69108,23.00653],[72.69174,23.00609],[72.69241,23.00559],[72.69297,23.00517],[72.69315,23.005],[72.69367,23.00479],[72.69431,23.00457],[72.69447,23.0045],[72.69471,23.00417],[72.69447,23.004],[72.69405,23.00379],[72.69382,23.00376],[72.69389,23.00332],[72.69401,23.00285],[72.69359,23.00258],[72.6929,23.00237],[72.6922,23.00206],[72.69175,23.00181],[72.69138,23.00152],[72.69107,23.00101],[72.6909,23.0005],[72.69075,22.9999],[72.6906,22.99918],[72.69045,22.99845],[72.69021,22.99799],[72.69004,22.99784],[72.68951,22.99692],[72.68921,22.99631],[72.68963,22.99562],[72.68984,22.99508],[72.68993,22.99479],[72.69,22.99459],[72.6897,22.99423],[72.68957,22.99381],[72.68953,22.99355],[72.6891,22.99318],[72.68855,22.99298],[72.68795,22.9928],[72.68752,22.99267],[72.68723,22.9926],[72.68701,22.99252],[72.6869,22.99203],[72.68668,22.99163],[72.68629,22.9911],[72.68589,22.9908],[72.68564,22.9907],[72.67925,22.98756],[72.67819,22.98724],[72.67806,22.98693],[72.67784,22.9865],[72.67777,22.98626],[72.6777,22.98611],[72.67756,22.98559],[72.67741,22.98527],[72.6771,22.98494],[72.6769,22.9847],[72.67662,22.98431],[72.67656,22.98395],[72.6764,22.9836],[72.67634,22.98296],[72.6761,22.98139],[72.67602,22.98107],[72.67595,22.98077],[72.67587,22.98046],[72.67567,22.97991],[72.67558,22.97961],[72.6753,22.97864],[72.67501,22.97809],[72.67491,22.97768],[72.67492,22.97727],[72.67494,22.9767],[72.675,22.97605],[72.67511,22.97524],[72.67492,22.97531],[72.67489,22.97476],[72.67434,22.97452],[72.67375,22.97443],[72.67308,22.97441],[72.67231,22.97434],[72.67172,22.97422],[72.67124,22.97414],[72.67087,22.97409],[72.67052,22.97411],[72.67014,22.97419],[72.66918,22.97439],[72.66907,22.97404],[72.66901,22.97377],[72.66888,22.97345],[72.66816,22.9734],[72.6679,22.97338],[72.66745,22.97338],[72.66709,22.97339],[72.66681,22.97306],[72.66662,22.9727],[72.66634,22.97237],[72.66589,22.97204],[72.66563,22.97179],[72.66508,22.97173],[72.66416,22.97109],[72.66378,22.97084],[72.66328,22.97041],[72.66273,22.97004],[72.66253,22.96976],[72.66202,22.96918],[72.66174,22.96882],[72.66153,22.96888],[72.661,22.96891],[72.6604,22.96866],[72.65974,22.96835],[72.65968,22.96819],[72.6595,22.96766],[72.65941,22.96721],[72.65929,22.96626],[72.65927,22.96577],[72.65941,22.9653],[72.65981,22.96449],[72.65985,22.96396],[72.65993,22.96337],[72.66008,22.96325],[72.66063,22.96324],[72.66112,22.96322],[72.66129,22.9632],[72.66141,22.96269],[72.66139,22.96237],[72.66128,22.96223],[72.66168,22.96205],[72.66179,22.9613],[72.66185,22.96095],[72.66248,22.96091],[72.66264,22.96128],[72.66264,22.96189],[72.66264,22.9624],[72.6626,22.96258],[72.66303,22.96269],[72.66295,22.96299],[72.66354,22.96324],[72.66382,22.96284],[72.6639,22.96249],[72.664,22.96204],[72.66419,22.96166],[72.66447,22.96142],[72.6651,22.9615],[72.66557,22.96157],[72.66572,22.96167],[72.66621,22.96164],[72.66644,22.96145],[72.66663,22.96123],[72.66678,22.96099],[72.66688,22.96067],[72.66703,22.96024],[72.66717,22.95967],[72.66723,22.959],[72.66729,22.95823],[72.66726,22.95782],[72.6672,22.9574],[72.66709,22.95707],[72.66704,22.95689],[72.6667,22.95688],[72.66638,22.95639],[72.66629,22.95617],[72.66547,22.95626],[72.66544,22.95543],[72.66552,22.95525],[72.66614,22.95525],[72.66661,22.95524],[72.66688,22.95526],[72.66703,22.95552],[72.66742,22.95553],[72.66743,22.955],[72.66747,22.95451],[72.66755,22.95396],[72.66746,22.95343],[72.66773,22.95244],[72.66783,22.95209],[72.66794,22.95183],[72.66828,22.95175],[72.66836,22.95143],[72.6694,22.95142],[72.67025,22.95142],[72.67108,22.95145],[72.67126,22.9521],[72.67151,22.95237],[72.67156,22.95267],[72.67201,22.95264],[72.67241,22.95266],[72.67303,22.95258],[72.67402,22.95233],[72.67443,22.95243],[72.67483,22.95231],[72.67487,22.95213],[72.67553,22.95201],[72.67634,22.9518],[72.6767,22.95182],[72.67681,22.952],[72.67721,22.95184],[72.67746,22.95177],[72.67785,22.95207],[72.67815,22.95244],[72.6783,22.95287],[72.67838,22.95325],[72.6785,22.9537],[72.67878,22.95407],[72.67901,22.95426],[72.6792,22.95443],[72.6795,22.95457],[72.6797,22.95459],[72.68052,22.95415],[72.68148,22.95375],[72.68157,22.95308],[72.68143,22.95266],[72.68119,22.95182],[72.68094,22.95135],[72.68057,22.95113],[72.68015,22.95043],[72.68006,22.94997],[72.67991,22.94949],[72.68001,22.94889],[72.67995,22.9483],[72.67979,22.94791],[72.67967,22.94759],[72.67939,22.947],[72.67902,22.94571],[72.67888,22.94527],[72.67866,22.94516],[72.67826,22.94498],[72.67798,22.94474],[72.67792,22.94432],[72.67788,22.94388],[72.67879,22.9439],[72.67874,22.94353],[72.67815,22.9433],[72.67817,22.94294],[72.67813,22.9426],[72.67817,22.94226],[72.67824,22.94189],[72.67751,22.94176],[72.67675,22.94149],[72.67675,22.94118],[72.67688,22.94044],[72.67702,22.93997],[72.67735,22.93985],[72.67723,22.93888],[72.6775,22.93872],[72.67789,22.93853],[72.67811,22.93853],[72.67831,22.93829],[72.67862,22.93825],[72.67918,22.93821],[72.67951,22.93813],[72.67971,22.938],[72.67963,22.93775],[72.67947,22.93757],[72.67931,22.93715],[72.67982,22.9369],[72.68081,22.93662],[72.68132,22.93636],[72.68129,22.93596],[72.68115,22.93523],[72.68093,22.93523],[72.68067,22.9346],[72.68041,22.93389],[72.68056,22.93361],[72.68068,22.93325],[72.68087,22.93286],[72.68111,22.93249],[72.6812,22.93227],[72.68121,22.93197],[72.68104,22.93212],[72.68069,22.93208],[72.68048,22.93216],[72.68037,22.9324],[72.68023,22.9329],[72.68001,22.93294],[72.67973,22.93298],[72.67956,22.93288],[72.67935,22.93291],[72.67918,22.93321],[72.67885,22.93309],[72.6784,22.93295],[72.67791,22.93304],[72.67692,22.9332],[72.67668,22.93251],[72.67584,22.93252],[72.67542,22.93266],[72.67475,22.93227],[72.67332,22.93136],[72.67253,22.93087],[72.67229,22.93068],[72.67111,22.93084],[72.67066,22.93065],[72.67003,22.9304],[72.66924,22.9301],[72.66906,22.9302],[72.66879,22.9308],[72.66836,22.93114],[72.66802,22.93115],[72.66729,22.93115],[72.66671,22.93114],[72.66581,22.93106],[72.66553,22.93075],[72.66458,22.93068],[72.66384,22.92965],[72.66361,22.92921],[72.66341,22.92906],[72.66341,22.92878],[72.66349,22.92806],[72.66338,22.92759],[72.66329,22.92742],[72.66179,22.92696],[72.66142,22.92686],[72.66087,22.92667],[72.66023,22.92654],[72.65982,22.9264],[72.65885,22.92602],[72.65817,22.92585],[72.65752,22.92564],[72.65667,22.9254],[72.65609,22.92524],[72.6555,22.92505],[72.65472,22.92497],[72.654,22.92495],[72.65347,22.92495],[72.6525,22.92507],[72.65235,22.92429],[72.65217,22.92385],[72.6519,22.92372],[72.65152,22.92359],[72.65121,22.92348],[72.65091,22.92347],[72.65056,22.92345],[72.65044,22.92365],[72.65028,22.92406],[72.64952,22.92413],[72.64905,22.92407],[72.64871,22.92407],[72.64815,22.92411],[72.64823,22.92473],[72.64834,22.92526],[72.64843,22.92652],[72.64755,22.92677],[72.64752,22.92694],[72.64756,22.92777],[72.64779,22.92781],[72.64824,22.92788],[72.64841,22.92799],[72.64855,22.92832],[72.64865,22.92854],[72.64889,22.92931],[72.64935,22.92965],[72.64999,22.93],[72.65058,22.93021],[72.65081,22.93034],[72.65084,22.93049],[72.6508,22.9307],[72.6508,22.93101],[72.6508,22.93124],[72.65065,22.93174],[72.65037,22.93176],[72.64995,22.93163],[72.64922,22.93141],[72.64885,22.93148],[72.6479,22.93161],[72.6474,22.93134],[72.64693,22.93084],[72.64645,22.93036],[72.64604,22.9301],[72.6455,22.92976],[72.64507,22.92954],[72.64443,22.92956],[72.64411,22.92987],[72.6436,22.93034],[72.64334,22.93015],[72.64281,22.9303],[72.64245,22.93065],[72.64213,22.93081],[72.64156,22.93097],[72.64122,22.93097],[72.64077,22.93093],[72.64018,22.93101],[72.63961,22.93115],[72.63917,22.93131],[72.63881,22.93152],[72.63852,22.93166],[72.6382,22.93178],[72.63786,22.9319],[72.63747,22.93194],[72.63722,22.93205],[72.63636,22.9321],[72.63607,22.93214],[72.63585,22.93234],[72.63553,22.93238],[72.63503,22.93253],[72.63452,22.93289],[72.63414,22.93307],[72.63364,22.93326],[72.63317,22.93347],[72.63265,22.93367],[72.63231,22.93381],[72.63174,22.93394],[72.63124,22.9342],[72.63089,22.93435],[72.63037,22.93445],[72.62997,22.93473],[72.6292,22.93497],[72.62884,22.93457],[72.6283,22.93454],[72.62833,22.93409],[72.62847,22.93356],[72.62795,22.93351],[72.62691,22.93344],[72.62654,22.93354],[72.62608,22.93323],[72.62613,22.93293],[72.62585,22.93282],[72.62508,22.93265],[72.62507,22.93238],[72.62515,22.93195],[72.62527,22.93158],[72.62536,22.93117],[72.6255,22.93081],[72.6255,22.93044],[72.62537,22.93001],[72.62515,22.92895],[72.62512,22.92847],[72.62526,22.92815],[72.62544,22.92795],[72.62548,22.92756],[72.62569,22.92728],[72.62646,22.92627],[72.6267,22.9259],[72.62683,22.92559],[72.62691,22.92531],[72.62707,22.92498],[72.62722,22.92464],[72.62726,22.92438],[72.62736,22.92402],[72.62751,22.92331],[72.62686,22.92321],[72.62669,22.92308],[72.62657,22.92282],[72.62627,22.92271],[72.62584,22.92261],[72.62526,22.92257],[72.62444,22.92249],[72.62435,22.92176],[72.62398,22.92156],[72.62332,22.92125],[72.62319,22.92099],[72.62315,22.92055],[72.62291,22.92008],[72.62229,22.91995],[72.62171,22.91983],[72.62079,22.91965],[72.61984,22.91951],[72.6188,22.91946],[72.6186,22.91963],[72.61859,22.91992],[72.61847,22.92037],[72.61819,22.92037],[72.61734,22.92045],[72.61664,22.92051],[72.61541,22.92089],[72.61539,22.92061],[72.61523,22.9207],[72.61501,22.92072],[72.61477,22.92097],[72.61446,22.92126],[72.61431,22.92161],[72.61403,22.92213],[72.6138,22.92266],[72.61362,22.92305],[72.61343,22.92328],[72.61313,22.92339],[72.61276,22.92339],[72.61248,22.92329],[72.61197,22.92325],[72.6115,22.92328],[72.611,22.92329],[72.6107,22.92314],[72.61038,22.92339],[72.61003,22.9238],[72.60954,22.92489],[72.60925,22.92556],[72.60892,22.92607],[72.60812,22.92766],[72.60784,22.92792],[72.60763,22.92843],[72.6073,22.92881],[72.60699,22.92936],[72.60638,22.93055],[72.60608,22.93117],[72.60571,22.93178],[72.6054,22.93251],[72.60498,22.93324],[72.60473,22.93326],[72.60407,22.9331],[72.60343,22.93299],[72.60293,22.93278],[72.60263,22.93259],[72.60225,22.93229],[72.60173,22.93215],[72.60118,22.93209],[72.60067,22.93218],[72.60014,22.9323],[72.6,22.93255],[72.59982,22.93264],[72.59859,22.93274],[72.59834,22.93261],[72.59801,22.93245],[72.59744,22.93234],[72.59674,22.93211],[72.59631,22.93196],[72.59589,22.93193],[72.59565,22.932],[72.59539,22.9319],[72.59541,22.93172],[72.59502,22.93173],[72.59467,22.93177],[72.59433,22.93188],[72.59403,22.93195],[72.59327,22.93211],[72.59282,22.93216],[72.59261,22.93215],[72.59256,22.93191],[72.59239,22.9318],[72.59212,22.93167],[72.59161,22.93147],[72.59114,22.93135],[72.59112,22.93112],[72.59055,22.93097],[72.59017,22.93086],[72.59015,22.93029],[72.58949,22.93032],[72.58927,22.93032],[72.58883,22.93023],[72.58856,22.93002],[72.58826,22.92985],[72.58799,22.92928],[72.58757,22.92928],[72.58747,22.92913],[72.58734,22.92859],[72.58722,22.92829],[72.58708,22.92778],[72.58716,22.92759],[72.58719,22.92723],[72.58716,22.92707],[72.58655,22.92702],[72.58631,22.92696],[72.58591,22.92684],[72.58553,22.92668],[72.5851,22.92645],[72.58468,22.92612],[72.58435,22.92588],[72.58382,22.92558],[72.58333,22.92535],[72.58294,22.92518],[72.58245,22.92508],[72.58202,22.92498],[72.5816,22.92483],[72.58112,22.92446],[72.5809,22.92429],[72.58054,22.924],[72.58015,22.92389],[72.57972,22.92374],[72.57912,22.92357],[72.57846,22.92333],[72.57816,22.9232],[72.57754,22.92303],[72.57729,22.92342],[72.57693,22.92314],[72.57655,22.92284],[72.57575,22.92223],[72.57518,22.92181],[72.5745,22.92141],[72.57434,22.92122],[72.57423,22.92094],[72.57433,22.92048],[72.5743,22.91973],[72.57421,22.91954],[72.57424,22.91934],[72.57403,22.9186],[72.57381,22.91791],[72.5732,22.91809],[72.57299,22.91797],[72.57264,22.91729],[72.57247,22.91681],[72.57216,22.91599],[72.57199,22.91532],[72.57103,22.91539],[72.57075,22.91509],[72.57053,22.91511],[72.57034,22.9148],[72.5691,22.91493],[72.56848,22.91484],[72.56793,22.91477],[72.56749,22.91472],[72.56742,22.91496],[72.56707,22.91501],[72.56703,22.91548],[72.56731,22.91555],[72.56724,22.91589],[72.56628,22.91631],[72.56571,22.91652],[72.56532,22.9167],[72.56508,22.91671],[72.5643,22.91701],[72.56414,22.91722],[72.56393,22.91697],[72.56369,22.91684],[72.56351,22.91676],[72.56295,22.9166],[72.5626,22.9166],[72.56229,22.91642],[72.56195,22.91628],[72.56163,22.91613],[72.56146,22.91605],[72.56122,22.91616],[72.56107,22.91601],[72.56093,22.91587],[72.56051,22.91566],[72.56034,22.91567],[72.56013,22.91585],[72.55974,22.91624],[72.55952,22.91654],[72.5592,22.91692],[72.55887,22.91726],[72.55854,22.91762],[72.55823,22.918],[72.55785,22.91841],[72.55772,22.91862],[72.55728,22.91877],[72.55644,22.91893],[72.55618,22.91909],[72.55556,22.91927],[72.55469,22.91953],[72.55428,22.91962],[72.55372,22.91985],[72.55326,22.92014],[72.55293,22.92036],[72.55243,22.92057],[72.55163,22.92097],[72.5508,22.92129],[72.55046,22.92151],[72.55008,22.9217],[72.54954,22.92195],[72.54894,22.92228],[72.54842,22.92261],[72.54754,22.92321],[72.54712,22.9234],[72.54692,22.92352],[72.54662,22.92334],[72.54598,22.92318],[72.54532,22.92298],[72.54468,22.92272],[72.54416,22.92259],[72.54371,22.92239],[72.54294,22.92206],[72.54262,22.92194],[72.54254,22.92174],[72.54228,22.92166],[72.54181,22.92139],[72.54134,22.92096],[72.54098,22.92068],[72.54072,22.92041],[72.54042,22.92023],[72.5402,22.92008],[72.53999,22.92029],[72.53975,22.92052],[72.53957,22.92072],[72.53915,22.92049],[72.5388,22.92034],[72.53863,22.9203],[72.53824,22.92053],[72.53779,22.92083],[72.53725,22.92125],[72.53692,22.92141],[72.5366,22.92145],[72.53639,22.92162],[72.53617,22.92179],[72.53575,22.92209],[72.53451,22.92293],[72.5343,22.92314],[72.53415,22.92333],[72.534,22.9235],[72.53375,22.92377],[72.53349,22.92409],[72.53339,22.92438],[72.53215,22.92496],[72.53149,22.92523],[72.53109,22.92527],[72.53084,22.92522],[72.53053,22.92524],[72.53034,22.92523]]],[[[72.53685,23.16471],[72.53599,23.16202],[72.53539,23.16013],[72.5347,23.15804],[72.53397,23.15555],[72.53247,23.15279],[72.53092,23.14924],[72.528,23.14873],[72.52539,23.14849],[72.52504,23.1488],[72.52406,23.15026],[72.52178,23.15117],[72.51929,23.15161],[72.51758,23.15176],[72.51625,23.15204],[72.51517,23.15315],[72.51401,23.15516],[72.5123,23.15954],[72.51032,23.15993],[72.50496,23.15646],[72.50339,23.15405],[72.50367,23.15161],[72.50344,23.14884],[72.50436,23.14776],[72.50419,23.14628],[72.50414,23.14476],[72.50226,23.14433],[72.49974,23.14407],[72.49652,23.14295],[72.49463,23.14239],[72.49344,23.14201],[72.49194,23.14267],[72.49151,23.14307],[72.49082,23.1433],[72.4899,23.14389],[72.48923,23.14417],[72.48846,23.14464],[72.48794,23.14474],[72.48663,23.14488],[72.48539,23.14512],[72.48432,23.14498],[72.48254,23.14494],[72.48303,23.14296],[72.48449,23.14072],[72.48552,23.13732],[72.48496,23.13503],[72.48457,23.13124],[72.48586,23.12635],[72.48818,23.12252],[72.49157,23.11893],[72.49397,23.11577],[72.49683,23.11326],[72.49701,23.11394],[72.49725,23.11425],[72.49752,23.11469],[72.49792,23.11501],[72.49831,23.11543],[72.49848,23.1156],[72.4988,23.1156],[72.49921,23.11609],[72.49958,23.11642],[72.49993,23.11647],[72.50027,23.1167],[72.50059,23.11705],[72.50095,23.11749],[72.50147,23.11788],[72.50203,23.11817],[72.50248,23.11829],[72.50276,23.11864],[72.50377,23.11867],[72.50442,23.11867],[72.50492,23.11862],[72.50514,23.11871],[72.50613,23.11847],[72.50667,23.11836],[72.50721,23.11813],[72.5079,23.118],[72.50812,23.118],[72.50847,23.11787],[72.50892,23.11765],[72.50924,23.11754],[72.50956,23.11746],[72.50995,23.11737],[72.51023,23.11734],[72.51062,23.11735],[72.51084,23.11753],[72.51094,23.11794],[72.51136,23.11826],[72.51189,23.11856],[72.5123,23.11893],[72.51235,23.11929],[72.51233,23.11987],[72.51271,23.11998],[72.51294,23.12011],[72.5131,23.1204],[72.51327,23.12052],[72.51352,23.12069],[72.51392,23.12124],[72.51442,23.12164],[72.51478,23.12206],[72.51476,23.12241],[72.51472,23.12283],[72.51458,23.12324],[72.51446,23.12366],[72.51444,23.1242],[72.51444,23.12468],[72.51441,23.1252],[72.51443,23.12582],[72.51414,23.12601],[72.51383,23.12632],[72.51388,23.12668],[72.51413,23.12703],[72.51438,23.12743],[72.5148,23.12795],[72.5151,23.12854],[72.51549,23.1286],[72.5157,23.12879],[72.51618,23.12915],[72.51672,23.12943],[72.51701,23.12909],[72.51728,23.1291],[72.51753,23.12933],[72.51779,23.12979],[72.51791,23.13025],[72.51821,23.13121],[72.51824,23.13162],[72.51814,23.13204],[72.51803,23.13248],[72.51804,23.13298],[72.51802,23.13348],[72.51815,23.13396],[72.51842,23.13479],[72.51862,23.13536],[72.51862,23.13592],[72.51862,23.13644],[72.51859,23.13688],[72.51853,23.13725],[72.51849,23.13769],[72.51868,23.1377],[72.51943,23.13781],[72.52038,23.13809],[72.5215,23.13842],[72.52232,23.13857],[72.52307,23.13879],[72.52371,23.13958],[72.52441,23.1403],[72.52466,23.14066],[72.52483,23.14074],[72.52525,23.14056],[72.52609,23.14036],[72.52662,23.1403],[72.52754,23.14004],[72.52806,23.13985],[72.52926,23.13949],[72.52957,23.13949],[72.52991,23.13882],[72.53015,23.13853],[72.53074,23.13862],[72.53091,23.1386],[72.5315,23.13855],[72.53176,23.13807],[72.53184,23.13773],[72.53196,23.13747],[72.53229,23.13673],[72.53228,23.13635],[72.53239,23.13571],[72.53261,23.13506],[72.53258,23.13478],[72.53282,23.13379],[72.53307,23.13358],[72.53326,23.13315],[72.53351,23.13273],[72.53364,23.13227],[72.53381,23.13191],[72.53375,23.13109],[72.53402,23.13099],[72.53486,23.13142],[72.53517,23.13166],[72.53547,23.13197],[72.53581,23.13213],[72.53654,23.13251],[72.5367,23.1324],[72.53706,23.13199],[72.53741,23.13199],[72.53808,23.13199],[72.53853,23.13198],[72.53886,23.1319],[72.53931,23.13185],[72.53953,23.13182],[72.54008,23.13199],[72.54057,23.13226],[72.54058,23.13227],[72.53998,23.1343],[72.53996,23.13533],[72.53983,23.13631],[72.54131,23.13693],[72.54167,23.13793],[72.54122,23.13882],[72.54047,23.14032],[72.54189,23.14419],[72.54242,23.14513],[72.54268,23.14638],[72.54245,23.14756],[72.5418,23.14833],[72.54139,23.14924],[72.54232,23.15111],[72.54307,23.15251],[72.54384,23.15358],[72.54463,23.15498],[72.54489,23.15636],[72.54511,23.15835],[72.54661,23.16074],[72.54734,23.16196],[72.54798,23.1637],[72.54616,23.16413],[72.54079,23.16496],[72.53899,23.16443],[72.53685,23.16471]]]]}},{"type":"Feature","id":"Ghatlodiya","properties":{"taluka":"Ghatlodiya","name":"Ghatlodiya Taluka"},"geometry":{"type":"MultiPolygon","coordinates":[[[[72.49683,23.11326],[72.49693,23.11316],[72.497,23.11308],[72.49734,23.11295],[72.49753,23.11288],[72.49781,23.11284],[72.49827,23.11275],[72.49868,23.11264],[72.4988,23.11255],[72.49896,23.11229],[72.49901,23.11207],[72.49904,23.1119],[72.49908,23.11166],[72.49907,23.11157],[72.49905,23.11129],[72.49901,23.11092],[72.49896,23.11064],[72.49893,23.11041],[72.49892,23.11017],[72.49886,23.10985],[72.49877,23.10957],[72.49878,23.10924],[72.49881,23.10916],[72.49886,23.10901],[72.49893,23.10894],[72.499,23.10887],[72.49918,23.10873],[72.49919,23.10864],[72.49922,23.10853],[72.49922,23.10837],[72.49922,23.10821],[72.49923,23.10804],[72.49923,23.10793],[72.49927,23.10751],[72.49922,23.10712],[72.49911,23.1065],[72.49902,23.10614],[72.49891,23.10577],[72.49875,23.1054],[72.49859,23.10507],[72.4985,23.10491],[72.49832,23.10449],[72.49823,23.10422],[72.49819,23.10403],[72.49813,23.10382],[72.4981,23.10364],[72.49808,23.10352],[72.49803,23.10317],[72.49804,23.10282],[72.49806,23.10242],[72.49805,23.10217],[72.49802,23.1018],[72.49799,23.10148],[72.49797,23.10092],[72.49797,23.10065],[72.49797,23.10033],[72.49797,23.09988],[72.49798,23.0998],[72.498,23.09971],[72.49757,23.09971],[72.49746,23.0997],[72.49738,23.0997],[72.49716,23.09968],[72.49677,23.09964],[72.49644,23.09964],[72.49599,23.09962],[72.49551,23.09959],[72.49481,23.09956],[72.49423,23.09955],[72.49374,23.09955],[72.49335,23.09952],[72.49311,23.09956],[72.49296,23.09959],[72.49284,23.09961],[72.49282,23.09959],[72.49263,23.09943],[72.49247,23.09928],[72.49231,23.09923],[72.49194,23.09911],[72.49129,23.09892],[72.491,23.09886],[72.49063,23.09875],[72.49016,23.09868],[72.48941,23.09852],[72.48907,23.09848],[72.48902,23.09847],[72.48859,23.09839],[72.48752,23.0982],[72.48718,23.09812],[72.48672,23.09803],[72.48667,23.09803],[72.48635,23.09798],[72.48565,23.09783],[72.48532,23.09775],[72.485,23.09769],[72.48483,23.09767],[72.48375,23.09752],[72.48328,23.09745],[72.48284,23.0974],[72.48201,23.0973],[72.4817,23.09723],[72.48165,23.09705],[72.48163,23.09688],[72.48159,23.09661],[72.48156,23.09644],[72.48122,23.09639],[72.48103,23.09634],[72.48083,23.0963],[72.48058,23.09624],[72.4804,23.09621],[72.48012,23.0961],[72.47981,23.09598],[72.47914,23.09561],[72.47899,23.09547],[72.47885,23.09534],[72.47866,23.09506],[72.47847,23.0946],[72.47843,23.09432],[72.47832,23.09339],[72.47833,23.09286],[72.47834,23.09213],[72.47831,23.09157],[72.47826,23.09116],[72.47815,23.09092],[72.47804,23.09051],[72.47796,23.09027],[72.47792,23.09018],[72.47777,23.08976],[72.47769,23.08943],[72.47764,23.08931],[72.47756,23.08914],[72.47741,23.08892],[72.47738,23.08885],[72.47735,23.08877],[72.47726,23.08862],[72.47716,23.08846],[72.47699,23.08822],[72.47671,23.08789],[72.47641,23.08757],[72.47623,23.08741],[72.47603,23.08723],[72.47567,23.08696],[72.47549,23.08685],[72.47523,23.08671],[72.47488,23.08652],[72.47438,23.08625],[72.474,23.08605],[72.47363,23.08588],[72.47289,23.08567],[72.47287,23.08566],[72.47251,23.08553],[72.47227,23.08545],[72.47213,23.08541],[72.47174,23.08531],[72.47097,23.08519],[72.47074,23.08517],[72.4705,23.08515],[72.47023,23.08512],[72.46991,23.08508],[72.4691,23.08492],[72.46864,23.08486],[72.46799,23.08477],[72.46728,23.08468],[72.46704,23.08466],[72.46683,23.08464],[72.46667,23.08463],[72.46631,23.0846],[72.46598,23.08458],[72.46583,23.08458],[72.46573,23.08391],[72.4656,23.08385],[72.46521,23.0837],[72.46494,23.08356],[72.4648,23.08351],[72.46465,23.08345],[72.46433,23.08337],[72.46418,23.08334],[72.46406,23.08333],[72.46331,23.08333],[72.46305,23.08331],[72.46298,23.08331],[72.46264,23.08333],[72.46225,23.08334],[72.4619,23.08338],[72.46146,23.08349],[72.46111,23.08357],[72.4609,23.08361],[72.46071,23.08366],[72.46034,23.08374],[72.45994,23.08387],[72.4597,23.08393],[72.45966,23.08356],[72.45963,23.08325],[72.4596,23.08294],[72.45959,23.08278],[72.45954,23.08227],[72.45951,23.0821],[72.45947,23.08194],[72.45949,23.08164],[72.45952,23.0815],[72.45956,23.08131],[72.45962,23.08116],[72.45968,23.08102],[72.45992,23.08066],[72.46002,23.08036],[72.46009,23.08003],[72.46016,23.07974],[72.46021,23.07953],[72.46045,23.07963],[72.46066,23.07972],[72.46121,23.07998],[72.46138,23.08007],[72.46164,23.0802],[72.46215,23.08049],[72.46248,23.08069],[72.46282,23.08085],[72.46271,23.08106],[72.46263,23.08128],[72.46304,23.08143],[72.46336,23.08152],[72.46345,23.08136],[72.46351,23.08127],[72.4636,23.08115],[72.46381,23.08094],[72.46406,23.08104],[72.4644,23.08119],[72.46467,23.0813],[72.46472,23.08136],[72.46478,23.08163],[72.46502,23.08162],[72.46535,23.08163],[72.46578,23.08163],[72.46584,23.08137],[72.46594,23.08092],[72.46604,23.0807],[72.46613,23.08051],[72.46623,23.0803],[72.46634,23.08006],[72.46652,23.07972],[72.46692,23.07901],[72.46719,23.07861],[72.46776,23.07782],[72.46812,23.07734],[72.46846,23.07693],[72.46887,23.07645],[72.46921,23.07607],[72.46954,23.07578],[72.4703,23.07524],[72.47082,23.07492],[72.47141,23.07461],[72.47185,23.07429],[72.47206,23.07413],[72.47231,23.07395],[72.47292,23.0736],[72.4732,23.0733],[72.47333,23.07309],[72.47352,23.0728],[72.47395,23.0722],[72.47416,23.07178],[72.47433,23.07138],[72.47453,23.07088],[72.47264,23.07065],[72.47252,23.07039],[72.47242,23.07019],[72.47234,23.0699],[72.47233,23.06965],[72.47233,23.06907],[72.47232,23.06897],[72.47228,23.0686],[72.47227,23.0682],[72.47226,23.06774],[72.47222,23.06732],[72.4722,23.06722],[72.47219,23.06715],[72.47209,23.06647],[72.47205,23.06596],[72.47206,23.06553],[72.47216,23.06549],[72.47228,23.06542],[72.47229,23.06527],[72.47229,23.06467],[72.47222,23.06444],[72.47217,23.06436],[72.472,23.06422],[72.47183,23.0641],[72.47182,23.06376],[72.47177,23.06362],[72.47135,23.06358],[72.47076,23.06347],[72.47051,23.06342],[72.47049,23.06333],[72.47047,23.06318],[72.47041,23.06277],[72.46979,23.06276],[72.46948,23.06275],[72.4693,23.06275],[72.4691,23.06273],[72.46891,23.06272],[72.46833,23.06267],[72.4683,23.06258],[72.46825,23.06241],[72.46803,23.06208],[72.46789,23.06193],[72.46766,23.06175],[72.46748,23.06169],[72.46708,23.06151],[72.46689,23.06144],[72.46673,23.06138],[72.46635,23.06132],[72.46568,23.06119],[72.46491,23.06099],[72.46451,23.06091],[72.46398,23.06077],[72.46384,23.06073],[72.46347,23.06063],[72.4631,23.06057],[72.46295,23.06055],[72.46249,23.06046],[72.46197,23.06034],[72.46146,23.06034],[72.46084,23.06059],[72.4604,23.06078],[72.45992,23.06098],[72.45949,23.06117],[72.45888,23.06153],[72.45854,23.06171],[72.45823,23.06184],[72.45803,23.06193],[72.45762,23.06209],[72.45697,23.0622],[72.45661,23.06223],[72.45643,23.06225],[72.45579,23.06224],[72.45483,23.06226],[72.45441,23.06227],[72.45393,23.06233],[72.45352,23.06239],[72.45334,23.06245],[72.45314,23.06251],[72.45293,23.06256],[72.4526,23.06226],[72.45221,23.06189],[72.452,23.06174],[72.45151,23.06151],[72.45063,23.06114],[72.45017,23.06092],[72.44957,23.06067],[72.44922,23.06055],[72.4488,23.06045],[72.44867,23.05989],[72.44859,23.0595],[72.44842,23.05857],[72.44838,23.05818],[72.44827,23.05722],[72.44817,23.05682],[72.44807,23.05613],[72.44803,23.05588],[72.44797,23.05541],[72.44793,23.05523],[72.44786,23.05496],[72.44781,23.05467],[72.44776,23.05436],[72.44762,23.0537],[72.44751,23.05325],[72.4474,23.05279],[72.44728,23.0523],[72.44724,23.05202],[72.44785,23.05191],[72.44857,23.05177],[72.44856,23.05131],[72.44845,23.05066],[72.44836,23.05032],[72.44833,23.05022],[72.44793,23.05024],[72.4479,23.05015],[72.4478,23.04947],[72.44773,23.0492],[72.44769,23.04901],[72.44753,23.04834],[72.44743,23.04794],[72.44742,23.04777],[72.44741,23.04765],[72.44742,23.04754],[72.4477,23.04734],[72.44793,23.04712],[72.44821,23.0473],[72.44845,23.0473],[72.44862,23.04732],[72.44883,23.04722],[72.44906,23.04711],[72.44931,23.04697],[72.44945,23.04682],[72.44959,23.04673],[72.44974,23.04665],[72.4501,23.04643],[72.45028,23.04636],[72.45066,23.04628],[72.451,23.04622],[72.45141,23.04618],[72.45177,23.04613],[72.45194,23.04607],[72.45266,23.04611],[72.45343,23.04606],[72.45407,23.04608],[72.45451,23.04627],[72.45501,23.04637],[72.45555,23.04657],[72.45616,23.04658],[72.4567,23.04669],[72.45708,23.04677],[72.45766,23.04677],[72.45797,23.04677],[72.45815,23.04691],[72.45832,23.04696],[72.45853,23.04699],[72.45895,23.04698],[72.4593,23.04697],[72.45963,23.04684],[72.45988,23.04679],[72.46003,23.04699],[72.46021,23.04711],[72.46053,23.04709],[72.46119,23.04687],[72.46154,23.04675],[72.46195,23.04664],[72.46263,23.04639],[72.46305,23.04622],[72.46334,23.04622],[72.46381,23.04609],[72.46397,23.04631],[72.46429,23.04656],[72.46498,23.04636],[72.46519,23.04632],[72.46541,23.04613],[72.46564,23.04612],[72.46584,23.04612],[72.46593,23.04632],[72.46603,23.04682],[72.46619,23.04721],[72.46638,23.04727],[72.46651,23.04776],[72.4665,23.04794],[72.46651,23.04815],[72.46662,23.04838],[72.46665,23.04863],[72.46683,23.04879],[72.46704,23.04881],[72.46737,23.04882],[72.46766,23.04882],[72.468,23.04882],[72.46857,23.04878],[72.46894,23.04876],[72.46913,23.04806],[72.46916,23.04762],[72.46922,23.0472],[72.46927,23.04686],[72.46929,23.04639],[72.4694,23.04587],[72.46948,23.04544],[72.4696,23.04504],[72.46981,23.04457],[72.47001,23.0442],[72.47016,23.04384],[72.47037,23.04367],[72.47058,23.04343],[72.47087,23.04311],[72.47113,23.04267],[72.47145,23.04223],[72.47142,23.04195],[72.47135,23.04163],[72.4714,23.04136],[72.47145,23.04111],[72.47172,23.04115],[72.47209,23.04116],[72.47243,23.04119],[72.47279,23.04121],[72.47297,23.04102],[72.47301,23.04023],[72.47314,23.03986],[72.47288,23.0397],[72.47289,23.03946],[72.47297,23.03892],[72.47311,23.03825],[72.47323,23.03814],[72.4732,23.03792],[72.47336,23.03777],[72.47385,23.03747],[72.47415,23.03724],[72.47467,23.03699],[72.47518,23.03673],[72.47555,23.03646],[72.47612,23.03618],[72.47661,23.03599],[72.47727,23.03561],[72.47739,23.03525],[72.47755,23.03466],[72.47767,23.034],[72.47782,23.03346],[72.47786,23.03318],[72.4778,23.03302],[72.47778,23.0321],[72.47772,23.03172],[72.47765,23.03111],[72.47746,23.02973],[72.47746,23.02957],[72.47729,23.02891],[72.4768,23.02901],[72.47627,23.02925],[72.47612,23.02897],[72.47596,23.02846],[72.47583,23.0278],[72.47572,23.02754],[72.47556,23.02701],[72.47538,23.02667],[72.47564,23.02645],[72.47584,23.02617],[72.47607,23.02597],[72.47623,23.0257],[72.47631,23.02552],[72.47628,23.02524],[72.47618,23.02498],[72.47622,23.0245],[72.47623,23.02403],[72.47628,23.02324],[72.47617,23.02302],[72.47629,23.02276],[72.47665,23.02222],[72.47716,23.02147],[72.47742,23.02121],[72.47792,23.02122],[72.47794,23.02101],[72.47792,23.02083],[72.47809,23.02036],[72.47835,23.01968],[72.47856,23.01927],[72.47898,23.01851],[72.47925,23.0181],[72.47927,23.01805],[72.47953,23.01812],[72.47991,23.01824],[72.4805,23.01848],[72.48092,23.01858],[72.48146,23.01875],[72.48208,23.019],[72.48232,23.01924],[72.48263,23.01936],[72.48325,23.01962],[72.48376,23.02],[72.4839,23.01998],[72.48443,23.0205],[72.48465,23.02055],[72.48494,23.02074],[72.48523,23.02079],[72.48685,23.02148],[72.48734,23.0217],[72.48753,23.02195],[72.48826,23.02266],[72.4885,23.02285],[72.48873,23.02299],[72.48901,23.02312],[72.48915,23.02313],[72.48929,23.02322],[72.4895,23.02341],[72.49044,23.02412],[72.4907,23.02418],[72.49101,23.02433],[72.4912,23.02541],[72.4907,23.02573],[72.49046,23.02591],[72.49038,23.02619],[72.49037,23.02681],[72.49006,23.02676],[72.49009,23.0271],[72.4902,23.02771],[72.49047,23.02882],[72.49146,23.02868],[72.49224,23.02865],[72.49289,23.0285],[72.49428,23.02812],[72.49486,23.02807],[72.49634,23.0282],[72.49715,23.02831],[72.49773,23.02828],[72.49808,23.0284],[72.49869,23.02819],[72.499,23.02826],[72.49942,23.02817],[72.49953,23.02915],[72.5,23.02988],[72.50017,23.03015],[72.50098,23.03084],[72.50181,23.03136],[72.5033,23.03156],[72.50411,23.03156],[72.50509,23.03147],[72.50622,23.03116],[72.50857,23.03177],[72.5099,23.03169],[72.51051,23.03195],[72.51151,23.03171],[72.51247,23.03181],[72.51398,23.03202],[72.51583,23.03254],[72.51678,23.03277],[72.51846,23.03293],[72.51966,23.03307],[72.5207,23.03311],[72.5217,23.03323],[72.52159,23.0342],[72.52171,23.03524],[72.52191,23.03629],[72.52237,23.03688],[72.52345,23.03746],[72.5245,23.03781],[72.52484,23.03722],[72.52547,23.03726],[72.52637,23.03752],[72.52689,23.03791],[72.52704,23.03849],[72.52752,23.0395],[72.52791,23.04058],[72.52786,23.04116],[72.52976,23.04118],[72.52984,23.04197],[72.52993,23.04326],[72.53014,23.0448],[72.53047,23.04603],[72.53072,23.04599],[72.53104,23.0462],[72.53136,23.0462],[72.53167,23.0462],[72.53257,23.04615],[72.53352,23.0461],[72.53424,23.04607],[72.53562,23.04606],[72.53659,23.046],[72.53726,23.04595],[72.53848,23.04588],[72.53894,23.04588],[72.5394,23.04589],[72.54019,23.04589],[72.5404,23.04586],[72.54082,23.04575],[72.54132,23.04558],[72.54159,23.0455],[72.54191,23.04538],[72.54254,23.04515],[72.54295,23.04524],[72.54363,23.04546],[72.54403,23.04559],[72.54456,23.04557],[72.54521,23.04553],[72.54551,23.04552],[72.54565,23.04521],[72.54583,23.04495],[72.54597,23.04473],[72.54655,23.04464],[72.54702,23.04467],[72.54708,23.04509],[72.54719,23.04558],[72.54733,23.04605],[72.54752,23.04607],[72.54741,23.04631],[72.54744,23.04641],[72.54754,23.04688],[72.54759,23.04714],[72.54801,23.04709],[72.54811,23.04708],[72.54919,23.04701],[72.54976,23.04699],[72.55037,23.04702],[72.551,23.04703],[72.55183,23.04694],[72.55222,23.0468],[72.55273,23.04662],[72.55326,23.04653],[72.55367,23.0465],[72.55367,23.04684],[72.55381,23.04738],[72.55386,23.04769],[72.55403,23.04838],[72.55432,23.04851],[72.55453,23.04846],[72.55486,23.04843],[72.55494,23.04857],[72.55509,23.04892],[72.55543,23.04922],[72.55564,23.04939],[72.55579,23.04961],[72.55596,23.04983],[72.5559,23.05019],[72.5559,23.05022],[72.55545,23.04999],[72.55443,23.05047],[72.55407,23.05082],[72.55385,23.05092],[72.55311,23.05135],[72.55259,23.05165],[72.55196,23.05168],[72.55149,23.05172],[72.55048,23.05176],[72.54983,23.05177],[72.54886,23.05179],[72.54807,23.05182],[72.54708,23.05186],[72.54668,23.0519],[72.54643,23.05184],[72.54572,23.05166],[72.5454,23.0516],[72.54509,23.05155],[72.54498,23.05125],[72.54476,23.05107],[72.54439,23.05097],[72.544,23.05084],[72.54382,23.0509],[72.54272,23.05127],[72.54241,23.05139],[72.54213,23.0513],[72.54195,23.0512],[72.5419,23.05135],[72.54168,23.05152],[72.54145,23.05156],[72.54118,23.05157],[72.54082,23.05162],[72.54063,23.05159],[72.54036,23.05153],[72.54005,23.05149],[72.53964,23.05154],[72.53922,23.05161],[72.53904,23.05165],[72.53884,23.05171],[72.53843,23.0519],[72.5383,23.05201],[72.53818,23.05214],[72.53801,23.05244],[72.53786,23.05269],[72.53767,23.0529],[72.5375,23.05312],[72.53737,23.05327],[72.53734,23.05349],[72.5372,23.05383],[72.53698,23.0542],[72.53691,23.05439],[72.53692,23.05455],[72.53682,23.05478],[72.53671,23.05506],[72.53683,23.05529],[72.53687,23.0555],[72.53686,23.05591],[72.5368,23.0566],[72.53674,23.05687],[72.53683,23.05725],[72.53691,23.05758],[72.53711,23.05827],[72.53682,23.05836],[72.53628,23.05857],[72.53595,23.05866],[72.53596,23.05886],[72.53652,23.05883],[72.53658,23.05898],[72.53673,23.05922],[72.53692,23.05907],[72.53709,23.05892],[72.53724,23.05878],[72.53741,23.05868],[72.53773,23.05865],[72.53778,23.05882],[72.53782,23.059],[72.53789,23.05928],[72.53794,23.05947],[72.53813,23.05951],[72.5385,23.05953],[72.5388,23.05952],[72.53899,23.05955],[72.53918,23.05956],[72.53942,23.05967],[72.53999,23.05992],[72.5403,23.06006],[72.54057,23.06019],[72.54083,23.06042],[72.54107,23.06063],[72.54133,23.06085],[72.54151,23.06099],[72.54178,23.06082],[72.54211,23.06097],[72.5423,23.06106],[72.54253,23.06112],[72.54284,23.06122],[72.54329,23.06136],[72.54354,23.06143],[72.54398,23.06142],[72.54417,23.06146],[72.54443,23.06151],[72.54467,23.06167],[72.54473,23.06199],[72.54485,23.06241],[72.54497,23.06266],[72.54511,23.06301],[72.54517,23.06324],[72.5453,23.06339],[72.54541,23.06357],[72.54549,23.06378],[72.54558,23.0641],[72.5457,23.06458],[72.54578,23.06492],[72.54586,23.06543],[72.5459,23.06568],[72.54621,23.06634],[72.54634,23.06661],[72.54633,23.06691],[72.54635,23.06711],[72.54651,23.06748],[72.54705,23.06767],[72.54743,23.0678],[72.54786,23.06795],[72.5484,23.06817],[72.54858,23.06825],[72.54869,23.0684],[72.54889,23.06872],[72.54908,23.06879],[72.54959,23.06895],[72.54976,23.069],[72.55011,23.06913],[72.55032,23.06921],[72.55051,23.06924],[72.5507,23.06925],[72.55095,23.06918],[72.55118,23.06912],[72.55138,23.06912],[72.5517,23.06912],[72.55209,23.0691],[72.5524,23.06913],[72.55314,23.06922],[72.55358,23.06935],[72.55374,23.0694],[72.55396,23.06943],[72.55422,23.06947],[72.55449,23.06951],[72.55474,23.06955],[72.55495,23.06957],[72.55516,23.0696],[72.55538,23.06964],[72.55555,23.06969],[72.55582,23.06972],[72.55626,23.06991],[72.55667,23.07007],[72.55689,23.07017],[72.55727,23.07028],[72.55754,23.07037],[72.55778,23.07047],[72.558,23.07064],[72.55815,23.07074],[72.55824,23.0708],[72.55876,23.07102],[72.55899,23.07111],[72.55926,23.07129],[72.55991,23.07174],[72.56011,23.07187],[72.56028,23.07198],[72.56063,23.07223],[72.56114,23.07262],[72.56205,23.07327],[72.56303,23.07396],[72.56391,23.07455],[72.56418,23.07473],[72.56476,23.07515],[72.56473,23.0755],[72.5647,23.07569],[72.56457,23.07586],[72.56447,23.076],[72.56441,23.07619],[72.5642,23.07675],[72.56409,23.07705],[72.564,23.0773],[72.56393,23.07746],[72.56382,23.07767],[72.5636,23.07752],[72.56328,23.0773],[72.56298,23.07708],[72.56214,23.07648],[72.56128,23.07587],[72.56023,23.07511],[72.55939,23.07461],[72.55914,23.07445],[72.55873,23.07419],[72.55847,23.07404],[72.55811,23.07384],[72.55772,23.07363],[72.55757,23.07397],[72.5573,23.07452],[72.55722,23.07473],[72.55717,23.07488],[72.55707,23.07501],[72.55688,23.07522],[72.55664,23.07546],[72.55624,23.07592],[72.55612,23.07605],[72.55598,23.07614],[72.55575,23.07635],[72.55552,23.07663],[72.55517,23.077],[72.55495,23.07699],[72.55468,23.07694],[72.55447,23.07691],[72.55403,23.0768],[72.55384,23.07674],[72.5536,23.07668],[72.55341,23.07665],[72.55331,23.07682],[72.55305,23.07733],[72.55292,23.07755],[72.55269,23.07758],[72.55262,23.07774],[72.55253,23.07788],[72.55207,23.07767],[72.55199,23.07753],[72.55163,23.07741],[72.55126,23.07736],[72.55109,23.07731],[72.55085,23.07726],[72.55054,23.07722],[72.55021,23.07716],[72.55003,23.07703],[72.54961,23.07686],[72.5491,23.07667],[72.54863,23.07648],[72.548,23.07624],[72.54751,23.076],[72.54721,23.07589],[72.54704,23.07581],[72.54696,23.076],[72.54671,23.076],[72.54647,23.07601],[72.54619,23.07597],[72.54599,23.0759],[72.54575,23.07587],[72.54552,23.07586],[72.54533,23.07582],[72.54508,23.07566],[72.54471,23.07573],[72.54448,23.07602],[72.54422,23.07591],[72.5439,23.07579],[72.54359,23.07569],[72.54321,23.07553],[72.54304,23.07556],[72.54279,23.07561],[72.54249,23.07567],[72.54225,23.07576],[72.54207,23.07574],[72.54165,23.07574],[72.54134,23.07584],[72.5411,23.07585],[72.54084,23.07587],[72.5406,23.07574],[72.54041,23.07573],[72.54016,23.07585],[72.53996,23.07603],[72.53971,23.07623],[72.5396,23.07646],[72.53945,23.07665],[72.53927,23.07693],[72.53915,23.07711],[72.53897,23.07706],[72.53857,23.07712],[72.53841,23.07725],[72.53822,23.07712],[72.53797,23.07705],[72.53765,23.077],[72.53737,23.07698],[72.53652,23.0769],[72.53617,23.07683],[72.53596,23.07671],[72.53565,23.07661],[72.53472,23.07642],[72.53433,23.07634],[72.53357,23.07618],[72.53331,23.07621],[72.53312,23.07618],[72.53276,23.07611],[72.53247,23.07606],[72.53204,23.07599],[72.53098,23.07583],[72.53034,23.07571],[72.53026,23.07535],[72.5297,23.07547],[72.52808,23.07581],[72.52893,23.07664],[72.52943,23.07726],[72.52999,23.07841],[72.53034,23.07922],[72.53058,23.08057],[72.5306,23.08141],[72.5306,23.08247],[72.53121,23.08243],[72.53099,23.08307],[72.53149,23.08323],[72.5316,23.08354],[72.53051,23.08471],[72.53029,23.08508],[72.53069,23.08538],[72.53087,23.08546],[72.53127,23.08565],[72.53245,23.08417],[72.53254,23.08369],[72.53305,23.08349],[72.53342,23.08317],[72.53368,23.08341],[72.53451,23.08299],[72.53488,23.08301],[72.5356,23.08335],[72.53629,23.08363],[72.53591,23.08404],[72.53665,23.08407],[72.53643,23.08464],[72.53987,23.08541],[72.54026,23.08545],[72.54009,23.08601],[72.53947,23.0873],[72.54091,23.08802],[72.54235,23.08899],[72.54378,23.0893],[72.54474,23.08956],[72.54522,23.09012],[72.54609,23.08996],[72.54683,23.09007],[72.54674,23.09141],[72.54657,23.0919],[72.54779,23.09193],[72.54779,23.09266],[72.54839,23.09286],[72.54927,23.09226],[72.55178,23.09236],[72.55159,23.09427],[72.55185,23.09479],[72.5523,23.09486],[72.55252,23.09559],[72.55398,23.0954],[72.55559,23.09516],[72.55649,23.09498],[72.55768,23.09481],[72.55862,23.09482],[72.55853,23.09335],[72.56029,23.09329],[72.56145,23.09327],[72.56197,23.09334],[72.56236,23.09395],[72.56268,23.09419],[72.56339,23.09494],[72.56313,23.09504],[72.56302,23.0951],[72.5631,23.0956],[72.56324,23.09596],[72.56355,23.09673],[72.56377,23.09742],[72.56395,23.09792],[72.5643,23.09866],[72.5645,23.09909],[72.56468,23.10021],[72.56461,23.10088],[72.56434,23.1009],[72.56441,23.10132],[72.56452,23.10166],[72.56462,23.1022],[72.56464,23.10257],[72.5647,23.10282],[72.56493,23.10359],[72.56526,23.10373],[72.5656,23.10359],[72.56663,23.10317],[72.5668,23.10343],[72.5669,23.10416],[72.56702,23.10492],[72.56724,23.1053],[72.5675,23.10627],[72.56764,23.10642],[72.56773,23.10681],[72.56772,23.10729],[72.56772,23.1076],[72.56773,23.10794],[72.56768,23.1082],[72.56736,23.10836],[72.56728,23.10861],[72.56733,23.10916],[72.56724,23.1094],[72.5671,23.10974],[72.56689,23.10946],[72.56639,23.1089],[72.56599,23.10839],[72.56561,23.10791],[72.56522,23.10783],[72.56499,23.10801],[72.56476,23.10835],[72.56468,23.10834],[72.56453,23.10829],[72.56435,23.10821],[72.56361,23.108],[72.56347,23.10783],[72.56282,23.10717],[72.5626,23.10777],[72.55989,23.1079],[72.56016,23.10869],[72.56028,23.1092],[72.56047,23.10995],[72.56098,23.11288],[72.56105,23.11344],[72.56107,23.11434],[72.56145,23.11517],[72.56191,23.11526],[72.5626,23.1154],[72.56267,23.11549],[72.56308,23.11603],[72.56349,23.11658],[72.56458,23.11788],[72.56467,23.11801],[72.56487,23.11828],[72.56506,23.11884],[72.56536,23.11982],[72.56563,23.12024],[72.56641,23.12125],[72.56657,23.12165],[72.56668,23.12192],[72.56682,23.1223],[72.56697,23.1227],[72.56746,23.12389],[72.56761,23.12449],[72.56776,23.12511],[72.56781,23.12532],[72.56785,23.12582],[72.56793,23.12685],[72.56668,23.12693],[72.56676,23.1279],[72.56697,23.12791],[72.56783,23.12795],[72.56776,23.12958],[72.56766,23.13012],[72.56763,23.13031],[72.56727,23.13168],[72.56698,23.13245],[72.56683,23.13269],[72.56645,23.1333],[72.56506,23.13505],[72.56469,23.13551],[72.56306,23.13671],[72.56262,23.13727],[72.56164,23.13775],[72.55962,23.13853],[72.55947,23.13857],[72.55921,23.13863],[72.55885,23.13864],[72.55858,23.13865],[72.55788,23.13863],[72.55797,23.13814],[72.55804,23.13773],[72.55773,23.13771],[72.55758,23.13759],[72.55736,23.13714],[72.55705,23.13648],[72.5568,23.13617],[72.55639,23.13595],[72.55622,23.13585],[72.55595,23.1356],[72.5553,23.13522],[72.55519,23.13515],[72.55506,23.13506],[72.55233,23.13399],[72.54748,23.13236],[72.54566,23.13195],[72.54489,23.13191],[72.54444,23.13188],[72.54058,23.13227],[72.54057,23.13226],[72.54008,23.13199],[72.53953,23.13182],[72.53931,23.13185],[72.53886,23.1319],[72.53853,23.13198],[72.53808,23.13199],[72.53741,23.13199],[72.53706,23.13199],[72.5367,23.1324],[72.53654,23.13251],[72.53581,23.13213],[72.53547,23.13197],[72.53517,23.13166],[72.53486,23.13142],[72.53402,23.13099],[72.53375,23.13109],[72.53381,23.13191],[72.53364,23.13227],[72.53351,23.13273],[72.53326,23.13315],[72.53307,23.13358],[72.53282,23.13379],[72.53258,23.13478],[72.53261,23.13506],[72.53239,23.13571],[72.53228,23.13635],[72.53229,23.13673],[72.53196,23.13747],[72.53184,23.13773],[72.53176,23.13807],[72.5315,23.13855],[72.53091,23.1386],[72.53074,23.13862],[72.53015,23.13853],[72.52991,23.13882],[72.52957,23.13949],[72.52926,23.13949],[72.52806,23.13985],[72.52754,23.14004],[72.52662,23.1403],[72.52609,23.14036],[72.52525,23.14056],[72.52483,23.14074],[72.52466,23.14066],[72.52441,23.1403],[72.52371,23.13958],[72.52307,23.13879],[72.52232,23.13857],[72.5215,23.13842],[72.52038,23.13809],[72.51943,23.13781],[72.51868,23.1377],[72.51849,23.13769],[72.51853,23.13725],[72.51859,23.13688],[72.51862,23.13644],[72.51862,23.13592],[72.51862,23.13536],[72.51842,23.13479],[72.51815,23.13396],[72.51802,23.13348],[72.51804,23.13298],[72.51803,23.13248],[72.51814,23.13204],[72.51824,23.13162],[72.51821,23.13121],[72.51791,23.13025],[72.51779,23.12979],[72.51753,23.12933],[72.51728,23.1291],[72.51701,23.12909],[72.51672,23.12943],[72.51618,23.12915],[72.5157,23.12879],[72.51549,23.1286],[72.5151,23.12854],[72.5148,23.12795],[72.51438,23.12743],[72.51413,23.12703],[72.51388,23.12668],[72.51383,23.12632],[72.51414,23.12601],[72.51443,23.12582],[72.51441,23.1252],[72.51444,23.12468],[72.51444,23.1242],[72.51446,23.12366],[72.51458,23.12324],[72.51472,23.12283],[72.51476,23.12241],[72.51478,23.12206],[72.51442,23.12164],[72.51392,23.12124],[72.51352,23.12069],[72.51327,23.12052],[72.5131,23.1204],[72.51294,23.12011],[72.51271,23.11998],[72.51233,23.11987],[72.51235,23.11929],[72.5123,23.11893],[72.51189,23.11856],[72.51136,23.11826],[72.51094,23.11794],[72.51084,23.11753],[72.51062,23.11735],[72.51023,23.11734],[72.50995,23.11737],[72.50956,23.11746],[72.50924,23.11754],[72.50892,23.11765],[72.50847,23.11787],[72.50812,23.118],[72.5079,23.118],[72.50721,23.11813],[72.50667,23.11836],[72.50613,23.11847],[72.50514,23.11871],[72.50492,23.11862],[72.50442,23.11867],[72.50377,23.11867],[72.50276,23.11864],[72.50248,23.11829],[72.50203,23.11817],[72.50147,23.11788],[72.50095,23.11749],[72.50059,23.11705],[72.50027,23.1167],[72.49993,23.11647],[72.49958,23.11642],[72.49921,23.11609],[72.4988,23.1156],[72.49848,23.1156],[72.49831,23.11543],[72.49792,23.11501],[72.49752,23.11469],[72.49725,23.11425],[72.49701,23.11394],[72.49683,23.11326]]]]}},{"type":"Feature","id":"Maninagar","properties":{"taluka":"Maninagar","name":"Maninagar Taluka"},"geometry":{"type":"MultiPolygon","coordinates":[[[[72.6426,23.02854],[72.64227,23.02933],[72.64214,23.02972],[72.64209,23.03025],[72.64208,23.03048],[72.6421,23.03068],[72.64201,23.0311],[72.64195,23.03147],[72.64185,23.03186],[72.64174,23.03228],[72.64179,23.0326],[72.6418,23.03292],[72.64123,23.03312],[72.64094,23.03324],[72.64093,23.03359],[72.64104,23.03378],[72.64134,23.03458],[72.64149,23.03492],[72.64169,23.03538],[72.64179,23.03561],[72.64198,23.03599],[72.64202,23.03619],[72.64205,23.03644],[72.6422,23.03718],[72.64239,23.03803],[72.64243,23.03832],[72.6419,23.03881],[72.64154,23.03886],[72.64093,23.0389],[72.64021,23.03896],[72.63937,23.03904],[72.63886,23.03902],[72.6378,23.03903],[72.63724,23.03902],[72.63591,23.03902],[72.63504,23.03907],[72.63379,23.03911],[72.63314,23.03909],[72.63294,23.03909],[72.63166,23.03912],[72.63095,23.03916],[72.62973,23.03927],[72.62916,23.03941],[72.62871,23.03963],[72.62819,23.03987],[72.62744,23.04026],[72.6268,23.04054],[72.62621,23.04079],[72.62562,23.04105],[72.62559,23.04107],[72.62552,23.04093],[72.62536,23.04054],[72.62513,23.04012],[72.62554,23.03997],[72.62586,23.03988],[72.62606,23.03981],[72.62627,23.03974],[72.62613,23.03933],[72.6259,23.03866],[72.62568,23.03805],[72.62546,23.03757],[72.62514,23.03766],[72.62473,23.03777],[72.62437,23.0379],[72.62398,23.03805],[72.62356,23.03824],[72.62294,23.03848],[72.62273,23.03858],[72.62235,23.03874],[72.622,23.03891],[72.62143,23.03916],[72.62126,23.03902],[72.62096,23.03875],[72.6207,23.03854],[72.61995,23.03796],[72.6196,23.03774],[72.61932,23.03753],[72.61889,23.03725],[72.6186,23.03696],[72.618,23.03639],[72.61778,23.03619],[72.61763,23.03609],[72.61739,23.03575],[72.61693,23.03519],[72.6166,23.03479],[72.61631,23.03446],[72.61618,23.03424],[72.616,23.03407],[72.61573,23.03383],[72.61568,23.03368],[72.61515,23.03318],[72.61484,23.0329],[72.6147,23.0328],[72.61435,23.0326],[72.61405,23.03287],[72.6135,23.03332],[72.61306,23.03369],[72.61257,23.0341],[72.6123,23.03442],[72.61199,23.03428],[72.61171,23.03415],[72.61158,23.03402],[72.61134,23.03387],[72.61105,23.03375],[72.61077,23.03361],[72.61054,23.0336],[72.61015,23.03363],[72.60958,23.0335],[72.6093,23.03424],[72.60903,23.03473],[72.6084,23.03472],[72.60816,23.03484],[72.60746,23.03484],[72.60728,23.03495],[72.6071,23.03506],[72.60709,23.03538],[72.60669,23.03593],[72.60686,23.03601],[72.60688,23.03652],[72.60678,23.0373],[72.60627,23.03727],[72.60564,23.03725],[72.60477,23.03728],[72.60296,23.03731],[72.60226,23.03734],[72.60278,23.0386],[72.60311,23.0395],[72.60213,23.0396],[72.60144,23.04012],[72.60103,23.04014],[72.59966,23.04029],[72.59936,23.04021],[72.59879,23.04036],[72.59741,23.04084],[72.59638,23.0413],[72.59639,23.04088],[72.59648,23.04018],[72.59668,23.03894],[72.59687,23.0379],[72.59705,23.03724],[72.59706,23.0368],[72.59688,23.03663],[72.59668,23.03665],[72.59669,23.03663],[72.59686,23.03631],[72.59686,23.03611],[72.59687,23.03547],[72.59699,23.03351],[72.59737,23.03157],[72.59717,23.0315],[72.59702,23.02829],[72.59699,23.0276],[72.59637,23.02662],[72.59575,23.02638],[72.59682,23.02274],[72.59676,23.02232],[72.59675,23.02227],[72.59645,23.01927],[72.59644,23.01916],[72.59531,23.01803],[72.59537,23.01777],[72.59541,23.0176],[72.59546,23.0174],[72.59525,23.01738],[72.59461,23.01715],[72.59417,23.01698],[72.59343,23.0168],[72.59269,23.01659],[72.59117,23.01626],[72.58995,23.01601],[72.58951,23.01572],[72.58889,23.01536],[72.58872,23.01509],[72.58833,23.01504],[72.58813,23.01489],[72.58763,23.01473],[72.58753,23.01459],[72.58711,23.01381],[72.5868,23.0135],[72.58665,23.0133],[72.5862,23.01302],[72.58585,23.01299],[72.58487,23.01295],[72.58422,23.01293],[72.58311,23.0129],[72.5825,23.0129],[72.58215,23.01298],[72.58173,23.01299],[72.58141,23.01307],[72.58107,23.0132],[72.58013,23.01346],[72.57964,23.01365],[72.57944,23.01326],[72.57903,23.01318],[72.57884,23.01314],[72.57809,23.01314],[72.5789,23.0145],[72.57757,23.01424],[72.57675,23.01373],[72.57632,23.01262],[72.57557,23.00927],[72.57509,23.00882],[72.57326,23.00641],[72.57193,23.00476],[72.57058,23.00313],[72.56798,23.00033],[72.56698,22.99914],[72.5651,22.99749],[72.56375,22.99567],[72.56264,22.99483],[72.56168,22.99395],[72.56269,22.99303],[72.56354,22.99273],[72.56422,22.99248],[72.56489,22.99225],[72.5656,22.99227],[72.5655,22.99179],[72.56535,22.99124],[72.56544,22.99107],[72.56562,22.99096],[72.56593,22.99084],[72.56593,22.99059],[72.56601,22.9904],[72.56576,22.9899],[72.56562,22.98948],[72.56597,22.98937],[72.5659,22.98889],[72.56576,22.98801],[72.56582,22.98784],[72.56596,22.98773],[72.56605,22.98757],[72.56609,22.98735],[72.56625,22.98674],[72.56634,22.98638],[72.56638,22.98601],[72.56657,22.98559],[72.56673,22.98525],[72.56694,22.98469],[72.56707,22.98437],[72.56734,22.98368],[72.56746,22.98338],[72.56777,22.98257],[72.56792,22.98237],[72.56835,22.98173],[72.56859,22.98136],[72.5689,22.98091],[72.5687,22.98091],[72.56884,22.98073],[72.56967,22.98046],[72.57037,22.98024],[72.57086,22.97988],[72.57111,22.97958],[72.57191,22.97861],[72.57219,22.97829],[72.57268,22.97759],[72.5727,22.97745],[72.57278,22.97709],[72.57282,22.97673],[72.57286,22.97641],[72.57289,22.97598],[72.57293,22.97578],[72.57303,22.97545],[72.57312,22.97521],[72.57312,22.97503],[72.5728,22.97482],[72.57236,22.97456],[72.57173,22.97422],[72.57147,22.97411],[72.57106,22.97376],[72.57091,22.97358],[72.57044,22.97312],[72.57026,22.97295],[72.57002,22.97272],[72.56977,22.97246],[72.5694,22.9722],[72.5691,22.97199],[72.56887,22.97182],[72.56834,22.97147],[72.56853,22.97122],[72.56901,22.97048],[72.57074,22.97155],[72.57157,22.9718],[72.57265,22.97214],[72.57294,22.97221],[72.57304,22.97203],[72.57343,22.97127],[72.57311,22.971],[72.57293,22.97096],[72.57272,22.97076],[72.57281,22.97046],[72.57308,22.96954],[72.57323,22.96898],[72.57331,22.96884],[72.57443,22.96905],[72.57478,22.96911],[72.57476,22.96892],[72.5747,22.9683],[72.57465,22.96762],[72.57462,22.96693],[72.57456,22.96677],[72.57454,22.966],[72.5745,22.96559],[72.57448,22.96502],[72.57452,22.96453],[72.57456,22.96394],[72.57465,22.96326],[72.57471,22.96251],[72.57473,22.96208],[72.57449,22.96158],[72.57428,22.96103],[72.5742,22.96077],[72.57409,22.96027],[72.57402,22.95998],[72.57398,22.9596],[72.57394,22.95918],[72.57393,22.95845],[72.57393,22.95801],[72.57385,22.95745],[72.57377,22.95666],[72.57371,22.95641],[72.57341,22.95532],[72.57314,22.95424],[72.573,22.95324],[72.57337,22.95309],[72.57383,22.95257],[72.57414,22.95213],[72.57536,22.95202],[72.57541,22.95197],[72.57566,22.95032],[72.57571,22.95027],[72.57753,22.95003],[72.57761,22.95],[72.57763,22.94989],[72.57749,22.94901],[72.57749,22.94872],[72.57766,22.94729],[72.57734,22.94577],[72.57728,22.94571],[72.57696,22.94564],[72.57693,22.94558],[72.577,22.9446],[72.57708,22.94441],[72.57726,22.94416],[72.57773,22.94384],[72.57787,22.94379],[72.57856,22.94381],[72.5786,22.94385],[72.57875,22.94459],[72.5792,22.94692],[72.57944,22.94859],[72.57959,22.95034],[72.57962,22.95038],[72.58067,22.95043],[72.58087,22.95041],[72.58099,22.95024],[72.58137,22.9494],[72.58145,22.9494],[72.5825,22.94987],[72.58649,22.95113],[72.5882,22.95178],[72.5905,22.95286],[72.59121,22.95294],[72.59294,22.95305],[72.59314,22.95303],[72.59504,22.95268],[72.59608,22.95255],[72.59615,22.95246],[72.59652,22.95108],[72.5966,22.95105],[72.59703,22.95121],[72.59722,22.95132],[72.59937,22.95291],[72.60006,22.95368],[72.60017,22.95375],[72.60147,22.95426],[72.60318,22.9555],[72.60352,22.95589],[72.60435,22.95746],[72.60504,22.95884],[72.60537,22.95921],[72.60545,22.95923],[72.60573,22.95922],[72.60581,22.95927],[72.6074,22.96175],[72.60762,22.96263],[72.608,22.96473],[72.60804,22.96477],[72.60876,22.96456],[72.60883,22.96457],[72.60889,22.96462],[72.6113,22.96832],[72.61243,22.97017],[72.61255,22.97037],[72.61268,22.97053],[72.61379,22.97105],[72.61391,22.97106],[72.61576,22.97078],[72.61691,22.97036],[72.61736,22.97028],[72.61786,22.97027],[72.61923,22.97041],[72.6213,22.97023],[72.62268,22.97023],[72.62331,22.97013],[72.62486,22.97008],[72.62523,22.97009],[72.62578,22.97021],[72.63161,22.97263],[72.63234,22.97288],[72.63445,22.97324],[72.63499,22.97353],[72.63505,22.97362],[72.63479,22.97413],[72.63471,22.97464],[72.63469,22.97543],[72.63475,22.97603],[72.63493,22.97706],[72.63521,22.97776],[72.63555,22.97835],[72.63625,22.97906],[72.63643,22.97959],[72.63648,22.98005],[72.63647,22.98074],[72.63621,22.98166],[72.63627,22.9819],[72.63634,22.98206],[72.63653,22.98233],[72.63731,22.98325],[72.63839,22.98366],[72.63879,22.98388],[72.63892,22.984],[72.63923,22.98509],[72.63944,22.98567],[72.63952,22.98582],[72.63983,22.98619],[72.64052,22.98753],[72.64107,22.98895],[72.6411,22.98963],[72.64097,22.99008],[72.64027,22.99108],[72.63986,22.99156],[72.63919,22.9926],[72.63896,22.99336],[72.63895,22.99354],[72.63892,22.99398],[72.63895,22.99415],[72.63918,22.99444],[72.6394,22.99455],[72.64001,22.99465],[72.6412,22.99469],[72.6421,22.99499],[72.64349,22.99579],[72.64451,22.9966],[72.64483,22.99702],[72.64525,22.99712],[72.64552,22.99744],[72.64573,22.99777],[72.64597,22.99852],[72.64598,22.9987],[72.64569,22.99964],[72.64567,22.99978],[72.64576,23.0],[72.64597,23.0005],[72.64559,23.00132],[72.64516,23.00295],[72.64477,23.00402],[72.64434,23.00442],[72.64404,23.00456],[72.64381,23.00517],[72.64385,23.00571],[72.64373,23.00657],[72.64374,23.00691],[72.64373,23.00728],[72.64354,23.00756],[72.64347,23.00784],[72.64337,23.00807],[72.64337,23.00844],[72.64337,23.00878],[72.64348,23.00914],[72.64348,23.00965],[72.64365,23.01032],[72.64349,23.01085],[72.64338,23.01121],[72.64319,23.01142],[72.64304,23.01168],[72.64303,23.01185],[72.64304,23.01205],[72.64324,23.01297],[72.64329,23.01332],[72.64327,23.01352],[72.6431,23.01421],[72.64294,23.01491],[72.64282,23.01517],[72.64254,23.01532],[72.64234,23.01542],[72.64214,23.0154],[72.64212,23.01574],[72.64212,23.01626],[72.64209,23.01661],[72.64231,23.01715],[72.64228,23.01732],[72.64228,23.01768],[72.64233,23.01806],[72.64255,23.01896],[72.64226,23.01904],[72.64205,23.01911],[72.64174,23.01931],[72.64145,23.01951],[72.64142,23.01996],[72.64173,23.02076],[72.64193,23.02133],[72.64216,23.0215],[72.64201,23.02208],[72.64196,23.02227],[72.64187,23.02248],[72.64163,23.02249],[72.64148,23.02314],[72.64123,23.02418],[72.64154,23.02439],[72.64148,23.02487],[72.64142,23.02533],[72.64134,23.02599],[72.6413,23.02637],[72.64137,23.02706],[72.64137,23.02726],[72.64116,23.02775],[72.64215,23.02858],[72.64234,23.0287],[72.64242,23.02848],[72.6426,23.02854]]]]}},{"type":"Feature","id":"Sabarmati","properties":{"taluka":"Sabarmati","name":"Sabarmati Taluka"},"geometry":{"type":"MultiPolygon","coordinates":[[[[72.61294,23.1154],[72.61224,23.11544],[72.61014,23.11549],[72.60915,23.11562],[72.60915,23.11579],[72.60794,23.11593],[72.6069,23.11594],[72.60683,23.11479],[72.60684,23.11467],[72.60671,23.11415],[72.60671,23.11379],[72.60621,23.11351],[72.60615,23.11336],[72.60614,23.11298],[72.60614,23.11275],[72.606,23.1125],[72.60559,23.11226],[72.6047,23.11208],[72.6046,23.11172],[72.6048,23.11137],[72.60377,23.11062],[72.60325,23.11034],[72.60196,23.1102],[72.60157,23.11026],[72.6014,23.11013],[72.6014,23.10979],[72.6014,23.10956],[72.60144,23.10927],[72.60135,23.10908],[72.60135,23.10889],[72.60092,23.10855],[72.60057,23.10856],[72.60019,23.10852],[72.59949,23.10803],[72.59941,23.10793],[72.59906,23.10766],[72.59847,23.10732],[72.59806,23.1072],[72.5974,23.10709],[72.59677,23.10662],[72.59558,23.10613],[72.59482,23.10583],[72.59448,23.10575],[72.59449,23.10475],[72.59362,23.10423],[72.59255,23.10356],[72.592,23.10333],[72.5909,23.10291],[72.58953,23.10241],[72.58802,23.10169],[72.58723,23.1015],[72.58652,23.10113],[72.58641,23.09969],[72.58632,23.09817],[72.58622,23.09756],[72.58603,23.09709],[72.58588,23.09653],[72.58575,23.09598],[72.58562,23.09528],[72.58551,23.09489],[72.58527,23.09428],[72.58569,23.09433],[72.5863,23.09435],[72.58769,23.0949],[72.58806,23.09497],[72.58827,23.09496],[72.589,23.09487],[72.58942,23.09469],[72.58987,23.09473],[72.59056,23.09483],[72.59116,23.09493],[72.59128,23.09491],[72.59134,23.09464],[72.59137,23.09462],[72.59186,23.09465],[72.59178,23.09532],[72.5921,23.09542],[72.59265,23.09553],[72.59339,23.09563],[72.59351,23.09617],[72.59439,23.09627],[72.59497,23.09628],[72.595,23.09626],[72.5951,23.09553],[72.59589,23.09567],[72.59629,23.09567],[72.59647,23.09564],[72.59653,23.09559],[72.5965,23.09539],[72.59618,23.09524],[72.59622,23.09508],[72.59626,23.09474],[72.59633,23.09466],[72.59651,23.09464],[72.59658,23.0946],[72.59655,23.09446],[72.5963,23.094],[72.5959,23.09352],[72.59574,23.09317],[72.59578,23.09232],[72.59572,23.09209],[72.59606,23.09161],[72.59622,23.09093],[72.59625,23.09075],[72.59628,23.09051],[72.59636,23.09041],[72.59654,23.09035],[72.59661,23.0903],[72.59671,23.09007],[72.59684,23.08991],[72.59695,23.08985],[72.59733,23.08972],[72.59772,23.08952],[72.59793,23.08934],[72.59817,23.08916],[72.59828,23.08903],[72.59847,23.08858],[72.59877,23.08812],[72.59891,23.08801],[72.59914,23.08759],[72.5992,23.08718],[72.59934,23.08674],[72.5997,23.08602],[72.59942,23.08596],[72.59917,23.08534],[72.59919,23.08428],[72.59933,23.08355],[72.59939,23.08308],[72.59967,23.08163],[72.59954,23.08104],[72.59967,23.07865],[72.59966,23.07758],[72.59987,23.07375],[72.59954,23.07282],[72.59911,23.072],[72.59725,23.06913],[72.59647,23.06836],[72.59548,23.06746],[72.5943,23.06608],[72.59305,23.06461],[72.59239,23.06403],[72.59147,23.06338],[72.59066,23.063],[72.58893,23.06249],[72.58828,23.06258],[72.58799,23.0627],[72.58684,23.06096],[72.58565,23.06029],[72.58237,23.05828],[72.58166,23.05749],[72.58086,23.05563],[72.57975,23.05469],[72.57885,23.05286],[72.57752,23.05114],[72.5765,23.04973],[72.57542,23.04746],[72.57543,23.0471],[72.57539,23.04688],[72.57535,23.04625],[72.57518,23.04565],[72.57517,23.04521],[72.57456,23.04412],[72.57437,23.04375],[72.57314,23.04176],[72.5731,23.04116],[72.57315,23.03974],[72.57318,23.03888],[72.57363,23.03619],[72.57391,23.03555],[72.57415,23.03537],[72.57394,23.03466],[72.57382,23.03393],[72.57373,23.03329],[72.57364,23.03258],[72.5736,23.03207],[72.5736,23.03151],[72.57331,23.03121],[72.57323,23.03121],[72.57336,23.03068],[72.57352,23.0303],[72.57368,23.02977],[72.57388,23.02931],[72.574,23.02878],[72.57416,23.02817],[72.57448,23.02744],[72.57455,23.02715],[72.57518,23.02718],[72.57579,23.0272],[72.57617,23.02537],[72.57601,23.02355],[72.57614,23.02149],[72.57636,23.01824],[72.5764,23.01628],[72.57675,23.01373],[72.57632,23.01262],[72.57557,23.00927],[72.57509,23.00882],[72.57326,23.00641],[72.57193,23.00476],[72.57058,23.00313],[72.56798,23.00033],[72.56698,22.99914],[72.5651,22.99749],[72.56375,22.99567],[72.56264,22.99483],[72.56168,22.99395],[72.56138,22.99422],[72.56067,22.99462],[72.56038,22.99484],[72.56024,22.99513],[72.56009,22.99539],[72.55946,22.99518],[72.55929,22.99526],[72.5591,22.99523],[72.55891,22.99567],[72.55878,22.99601],[72.55811,22.99574],[72.55761,22.99553],[72.55734,22.9956],[72.55668,22.9954],[72.55601,22.99521],[72.5558,22.99551],[72.5554,22.99599],[72.55505,22.99638],[72.55478,22.99668],[72.55453,22.99654],[72.55397,22.99631],[72.55341,22.99612],[72.55357,22.99563],[72.55363,22.99538],[72.55326,22.99528],[72.5528,22.99511],[72.55259,22.99512],[72.55213,22.99518],[72.55207,22.99548],[72.55199,22.99582],[72.55122,22.99578],[72.5504,22.99571],[72.54988,22.99567],[72.54988,22.99489],[72.54916,22.99457],[72.5487,22.9944],[72.54786,22.99443],[72.54732,22.99443],[72.54725,22.99479],[72.54707,22.99497],[72.54704,22.99526],[72.54706,22.99559],[72.54628,22.99581],[72.54563,22.99598],[72.54427,22.99642],[72.54373,22.99658],[72.54332,22.99672],[72.54256,22.99663],[72.54183,22.99657],[72.54137,22.99651],[72.54021,22.99657],[72.53971,22.9966],[72.53969,22.99692],[72.53961,22.9971],[72.53934,22.99793],[72.53925,22.99825],[72.53923,22.99842],[72.53923,22.99907],[72.53923,22.99957],[72.5392,22.99979],[72.53918,23.00145],[72.53957,23.00247],[72.53971,23.00293],[72.53969,23.00342],[72.53967,23.0042],[72.53965,23.00478],[72.5396,23.00496],[72.53931,23.00584],[72.53923,23.00601],[72.5391,23.00624],[72.53907,23.00641],[72.53893,23.00663],[72.5388,23.00697],[72.53863,23.00716],[72.5384,23.00749],[72.5382,23.00746],[72.53741,23.00729],[72.53701,23.00768],[72.53607,23.00744],[72.53573,23.0074],[72.53511,23.00732],[72.53441,23.00725],[72.53427,23.00775],[72.5342,23.00823],[72.53415,23.00923],[72.53414,23.00963],[72.53409,23.01026],[72.53407,23.0105],[72.53407,23.01118],[72.53409,23.01185],[72.53433,23.01194],[72.53442,23.01227],[72.53451,23.01281],[72.53478,23.01285],[72.53484,23.01304],[72.53483,23.01324],[72.53482,23.01343],[72.53499,23.01363],[72.53505,23.0141],[72.53508,23.01438],[72.53537,23.01472],[72.53548,23.01505],[72.53562,23.0155],[72.53584,23.01559],[72.53617,23.01574],[72.53636,23.01577],[72.53664,23.0158],[72.53659,23.01605],[72.53662,23.01626],[72.53661,23.01659],[72.53658,23.01681],[72.53658,23.01706],[72.53646,23.01747],[72.53645,23.01768],[72.53644,23.01795],[72.53643,23.01821],[72.53638,23.01846],[72.53627,23.0187],[72.53621,23.01884],[72.53604,23.01924],[72.53596,23.01949],[72.53583,23.01989],[72.53575,23.02005],[72.53556,23.02046],[72.53547,23.02063],[72.5354,23.0208],[72.53533,23.02099],[72.53522,23.02121],[72.535,23.02155],[72.5349,23.0217],[72.53469,23.02205],[72.53457,23.02226],[72.53451,23.02242],[72.53432,23.02275],[72.53425,23.0229],[72.53419,23.02318],[72.5344,23.02325],[72.53522,23.02319],[72.53698,23.02315],[72.53808,23.02312],[72.53898,23.02303],[72.54006,23.02299],[72.54127,23.02297],[72.54244,23.02304],[72.54269,23.02377],[72.5429,23.02437],[72.54307,23.02473],[72.54335,23.02541],[72.54357,23.02561],[72.54389,23.02612],[72.54411,23.02647],[72.54456,23.02694],[72.5449,23.02729],[72.54499,23.02747],[72.54474,23.02763],[72.54417,23.02799],[72.54369,23.02837],[72.54323,23.02869],[72.54272,23.02913],[72.54233,23.02938],[72.54152,23.02988],[72.54097,23.03021],[72.54003,23.03081],[72.53953,23.03108],[72.53873,23.03163],[72.53824,23.03202],[72.53776,23.0325],[72.5372,23.03304],[72.53687,23.03334],[72.53762,23.03347],[72.53835,23.03359],[72.53831,23.03396],[72.5388,23.03391],[72.5392,23.03388],[72.53928,23.03424],[72.53943,23.035],[72.53984,23.03496],[72.54135,23.03496],[72.54227,23.03502],[72.54304,23.03515],[72.54354,23.03526],[72.54429,23.03557],[72.54473,23.03576],[72.54527,23.03587],[72.54611,23.0359],[72.54708,23.0359],[72.54804,23.0359],[72.54796,23.03638],[72.54786,23.03727],[72.54777,23.03747],[72.54771,23.03794],[72.54751,23.03867],[72.54739,23.03912],[72.54741,23.03939],[72.54751,23.03976],[72.54756,23.04028],[72.54757,23.04076],[72.5476,23.04109],[72.54765,23.04148],[72.54761,23.04195],[72.54756,23.04283],[72.54757,23.04339],[72.54774,23.04384],[72.5477,23.04407],[72.54747,23.04428],[72.54713,23.04448],[72.54702,23.04467],[72.54708,23.04509],[72.54719,23.04558],[72.54733,23.04605],[72.54752,23.04607],[72.54741,23.04631],[72.54744,23.04641],[72.54754,23.04688],[72.54759,23.04714],[72.54801,23.04709],[72.54811,23.04708],[72.54919,23.04701],[72.54976,23.04699],[72.55037,23.04702],[72.551,23.04703],[72.55183,23.04694],[72.55222,23.0468],[72.55273,23.04662],[72.55326,23.04653],[72.55367,23.0465],[72.55367,23.04684],[72.55381,23.04738],[72.55386,23.04769],[72.55403,23.04838],[72.55432,23.04851],[72.55453,23.04846],[72.55486,23.04843],[72.55494,23.04857],[72.55509,23.04892],[72.55543,23.04922],[72.55564,23.04939],[72.55579,23.04961],[72.55596,23.04983],[72.5559,23.05019],[72.5559,23.05022],[72.55545,23.04999],[72.55443,23.05047],[72.55407,23.05082],[72.55385,23.05092],[72.55311,23.05135],[72.55259,23.05165],[72.55196,23.05168],[72.55149,23.05172],[72.55048,23.05176],[72.54983,23.05177],[72.54886,23.05179],[72.54807,23.05182],[72.54708,23.05186],[72.54668,23.0519],[72.54643,23.05184],[72.54572,23.05166],[72.5454,23.0516],[72.54509,23.05155],[72.54498,23.05125],[72.54476,23.05107],[72.54439,23.05097],[72.544,23.05084],[72.54382,23.0509],[72.54272,23.05127],[72.54241,23.05139],[72.54213,23.0513],[72.54195,23.0512],[72.5419,23.05135],[72.54168,23.05152],[72.54145,23.05156],[72.54118,23.05157],[72.54082,23.05162],[72.54063,23.05159],[72.54036,23.05153],[72.54005,23.05149],[72.53964,23.05154],[72.53922,23.05161],[72.53904,23.05165],[72.53884,23.05171],[72.53843,23.0519],[72.5383,23.05201],[72.53818,23.05214],[72.53801,23.05244],[72.53786,23.05269],[72.53767,23.0529],[72.5375,23.05312],[72.53737,23.05327],[72.53734,23.05349],[72.5372,23.05383],[72.53698,23.0542],[72.53691,23.05439],[72.53692,23.05455],[72.53682,23.05478],[72.53671,23.05506],[72.53683,23.05529],[72.53687,23.0555],[72.53686,23.05591],[72.5368,23.0566],[72.53674,23.05687],[72.53683,23.05725],[72.53691,23.05758],[72.53711,23.05827],[72.53682,23.05836],[72.53628,23.05857],[72.53595,23.05866],[72.53596,23.05886],[72.53652,23.05883],[72.53658,23.05898],[72.53673,23.05922],[72.53692,23.05907],[72.53709,23.05892],[72.53724,23.05878],[72.53741,23.05868],[72.53773,23.05865],[72.53778,23.05882],[72.53782,23.059],[72.53789,23.05928],[72.53794,23.05947],[72.53813,23.05951],[72.5385,23.05953],[72.5388,23.05952],[72.53899,23.05955],[72.53918,23.05956],[72.53942,23.05967],[72.53999,23.05992],[72.5403,23.06006],[72.54057,23.06019],[72.54083,23.06042],[72.54107,23.06063],[72.54133,23.06085],[72.54151,23.06099],[72.54178,23.06082],[72.54211,23.06097],[72.5423,23.06106],[72.54253,23.06112],[72.54284,23.06122],[72.54329,23.06136],[72.54354,23.06143],[72.54398,23.06142],[72.54417,23.06146],[72.54443,23.06151],[72.54467,23.06167],[72.54473,23.06199],[72.54485,23.06241],[72.54497,23.06266],[72.54511,23.06301],[72.54517,23.06324],[72.5453,23.06339],[72.54541,23.06357],[72.54549,23.06378],[72.54558,23.0641],[72.5457,23.06458],[72.54578,23.06492],[72.54586,23.06543],[72.5459,23.06568],[72.54621,23.06634],[72.54634,23.06661],[72.54633,23.06691],[72.54635,23.06711],[72.54651,23.06748],[72.54705,23.06767],[72.54743,23.0678],[72.54786,23.06795],[72.5484,23.06817],[72.54858,23.06825],[72.54869,23.0684],[72.54889,23.06872],[72.54908,23.06879],[72.54959,23.06895],[72.54976,23.069],[72.55011,23.06913],[72.55032,23.06921],[72.55051,23.06924],[72.5507,23.06925],[72.55095,23.06918],[72.55118,23.06912],[72.55138,23.06912],[72.5517,23.06912],[72.55209,23.0691],[72.5524,23.06913],[72.55314,23.06922],[72.55358,23.06935],[72.55374,23.0694],[72.55396,23.06943],[72.55422,23.06947],[72.55449,23.06951],[72.55474,23.06955],[72.55495,23.06957],[72.55516,23.0696],[72.55538,23.06964],[72.55555,23.06969],[72.55582,23.06972],[72.55626,23.06991],[72.55667,23.07007],[72.55689,23.07017],[72.55727,23.07028],[72.55754,23.07037],[72.55778,23.07047],[72.558,23.07064],[72.55815,23.07074],[72.55824,23.0708],[72.55876,23.07102],[72.55899,23.07111],[72.55926,23.07129],[72.55991,23.07174],[72.56011,23.07187],[72.56028,23.07198],[72.56063,23.07223],[72.56114,23.07262],[72.56205,23.07327],[72.56303,23.07396],[72.56391,23.07455],[72.56418,23.07473],[72.56476,23.07515],[72.56473,23.0755],[72.5647,23.07569],[72.56457,23.07586],[72.56447,23.076],[72.56441,23.07619],[72.5642,23.07675],[72.56409,23.07705],[72.564,23.0773],[72.56393,23.07746],[72.56382,23.07767],[72.5636,23.07752],[72.56328,23.0773],[72.56298,23.07708],[72.56214,23.07648],[72.56128,23.07587],[72.56023,23.07511],[72.55939,23.07461],[72.55914,23.07445],[72.55873,23.07419],[72.55847,23.07404],[72.55811,23.07384],[72.55772,23.07363],[72.55757,23.07397],[72.5573,23.07452],[72.55722,23.07473],[72.55717,23.07488],[72.55707,23.07501],[72.55688,23.07522],[72.55664,23.07546],[72.55624,23.07592],[72.55612,23.07605],[72.55598,23.07614],[72.55575,23.07635],[72.55552,23.07663],[72.55517,23.077],[72.55495,23.07699],[72.55468,23.07694],[72.55447,23.07691],[72.55403,23.0768],[72.55384,23.07674],[72.5536,23.07668],[72.55341,23.07665],[72.55331,23.07682],[72.55305,23.07733],[72.55292,23.07755],[72.55269,23.07758],[72.55262,23.07774],[72.55253,23.07788],[72.55207,23.07767],[72.55199,23.07753],[72.55163,23.07741],[72.55126,23.07736],[72.55109,23.07731],[72.55085,23.07726],[72.55054,23.07722],[72.55021,23.07716],[72.55003,23.07703],[72.54961,23.07686],[72.5491,23.07667],[72.54863,23.07648],[72.548,23.07624],[72.54751,23.076],[72.54721,23.07589],[72.54704,23.07581],[72.54696,23.076],[72.54671,23.076],[72.54647,23.07601],[72.54619,23.07597],[72.54599,23.0759],[72.54575,23.07587],[72.54552,23.07586],[72.54533,23.07582],[72.54508,23.07566],[72.54471,23.07573],[72.54448,23.07602],[72.54422,23.07591],[72.5439,23.07579],[72.54359,23.07569],[72.54321,23.07553],[72.54304,23.07556],[72.54279,23.07561],[72.54249,23.07567],[72.54225,23.07576],[72.54207,23.07574],[72.54165,23.07574],[72.54134,23.07584],[72.5411,23.07585],[72.54084,23.07587],[72.5406,23.07574],[72.54041,23.07573],[72.54016,23.07585],[72.53996,23.07603],[72.53971,23.07623],[72.5396,23.07646],[72.53945,23.07665],[72.53927,23.07693],[72.53915,23.07711],[72.53897,23.07706],[72.53857,23.07712],[72.53841,23.07725],[72.53822,23.07712],[72.53797,23.07705],[72.53765,23.077],[72.53737,23.07698],[72.53652,23.0769],[72.53617,23.07683],[72.53596,23.07671],[72.53565,23.07661],[72.53472,23.07642],[72.53433,23.07634],[72.53357,23.07618],[72.53331,23.07621],[72.53312,23.07618],[72.53276,23.07611],[72.53247,23.07606],[72.53204,23.07599],[72.53098,23.07583],[72.53034,23.07571],[72.53026,23.07535],[72.5297,23.07547],[72.52808,23.07581],[72.52893,23.07664],[72.52943,23.07726],[72.52999,23.07841],[72.53034,23.07922],[72.53058,23.08057],[72.5306,23.08141],[72.5306,23.08247],[72.53121,23.08243],[72.53099,23.08307],[72.53149,23.08323],[72.5316,23.08354],[72.53051,23.08471],[72.53029,23.08508],[72.53069,23.08538],[72.53087,23.08546],[72.53127,23.08565],[72.53245,23.08417],[72.53254,23.08369],[72.53305,23.08349],[72.53342,23.08317],[72.53368,23.08341],[72.53451,23.08299],[72.53488,23.08301],[72.5356,23.08335],[72.53629,23.08363],[72.53591,23.08404],[72.53665,23.08407],[72.53643,23.08464],[72.53987,23.08541],[72.54026,23.08545],[72.54009,23.08601],[72.53947,23.0873],[72.54091,23.08802],[72.54235,23.08899],[72.54378,23.0893],[72.54474,23.08956],[72.54522,23.09012],[72.54609,23.08996],[72.54683,23.09007],[72.54674,23.09141],[72.54657,23.0919],[72.54779,23.09193],[72.54779,23.09266],[72.54839,23.09286],[72.54927,23.09226],[72.55178,23.09236],[72.55159,23.09427],[72.55185,23.09479],[72.5523,23.09486],[72.55252,23.09559],[72.55398,23.0954],[72.55559,23.09516],[72.55649,23.09498],[72.55768,23.09481],[72.55862,23.09482],[72.55853,23.09335],[72.56029,23.09329],[72.56145,23.09327],[72.56197,23.09334],[72.56236,23.09395],[72.56268,23.09419],[72.56339,23.09494],[72.56313,23.09504],[72.56302,23.0951],[72.5631,23.0956],[72.56324,23.09596],[72.56355,23.09673],[72.56377,23.09742],[72.56395,23.09792],[72.5643,23.09866],[72.5645,23.09909],[72.56468,23.10021],[72.56461,23.10088],[72.56434,23.1009],[72.56441,23.10132],[72.56452,23.10166],[72.56462,23.1022],[72.56464,23.10257],[72.5647,23.10282],[72.56493,23.10359],[72.56526,23.10373],[72.5656,23.10359],[72.56663,23.10317],[72.5668,23.10343],[72.5669,23.10416],[72.56702,23.10492],[72.56724,23.1053],[72.5675,23.10627],[72.56764,23.10642],[72.56773,23.10681],[72.56772,23.10729],[72.56772,23.1076],[72.56773,23.10794],[72.56768,23.1082],[72.56736,23.10836],[72.56728,23.10861],[72.56733,23.10916],[72.56724,23.1094],[72.5671,23.10974],[72.56689,23.10946],[72.56639,23.1089],[72.56599,23.10839],[72.56561,23.10791],[72.56522,23.10783],[72.56499,23.10801],[72.56476,23.10835],[72.56468,23.10834],[72.56453,23.10829],[72.56435,23.10821],[72.56361,23.108],[72.56347,23.10783],[72.56282,23.10717],[72.5626,23.10777],[72.55989,23.1079],[72.56016,23.10869],[72.56028,23.1092],[72.56047,23.10995],[72.56098,23.11288],[72.56105,23.11344],[72.56107,23.11434],[72.56145,23.11517],[72.56191,23.11526],[72.5626,23.1154],[72.56267,23.11549],[72.56308,23.11603],[72.56354,23.11605],[72.56371,23.11606],[72.56384,23.11606],[72.56415,23.1161],[72.56498,23.11622],[72.56538,23.11615],[72.56578,23.11608],[72.56593,23.11619],[72.56609,23.11631],[72.56634,23.11602],[72.56672,23.11603],[72.56691,23.11603],[72.56733,23.11601],[72.56805,23.11589],[72.56908,23.11613],[72.56908,23.11646],[72.56992,23.11675],[72.5699,23.11699],[72.56988,23.11725],[72.56989,23.1176],[72.57006,23.11772],[72.57002,23.11797],[72.57002,23.11836],[72.57063,23.11844],[72.57074,23.11869],[72.5708,23.11882],[72.57068,23.11951],[72.57092,23.1204],[72.57111,23.12097],[72.57128,23.12155],[72.57147,23.12204],[72.5715,23.12211],[72.57282,23.12169],[72.57384,23.1212],[72.57385,23.1212],[72.57416,23.12106],[72.5755,23.1203],[72.576,23.12012],[72.57723,23.11883],[72.57773,23.11838],[72.57788,23.1182],[72.57821,23.1182],[72.57877,23.11893],[72.57906,23.11881],[72.57941,23.11955],[72.57951,23.11974],[72.57991,23.12038],[72.58028,23.12135],[72.58039,23.12192],[72.58053,23.12219],[72.58081,23.1224],[72.58103,23.12373],[72.58109,23.12404],[72.58116,23.1244],[72.58142,23.12512],[72.58158,23.12638],[72.58158,23.12673],[72.58177,23.12749],[72.58196,23.12765],[72.58249,23.12784],[72.58246,23.12871],[72.58248,23.12938],[72.5827,23.12992],[72.58304,23.12997],[72.58403,23.12975],[72.58424,23.1301],[72.58466,23.12986],[72.58565,23.13011],[72.58675,23.13049],[72.58716,23.12986],[72.58767,23.13001],[72.58808,23.12927],[72.58865,23.12948],[72.58861,23.12969],[72.59049,23.1302],[72.59059,23.13053],[72.59221,23.13081],[72.59419,23.13111],[72.59443,23.13098],[72.59467,23.13085],[72.59704,23.13194],[72.5977,23.13104],[72.59848,23.13119],[72.59931,23.13133],[72.60038,23.13105],[72.603,23.13062],[72.6037,23.13055],[72.60487,23.13019],[72.60621,23.12975],[72.60697,23.1294],[72.60854,23.12907],[72.60906,23.12856],[72.60946,23.12792],[72.61021,23.1276],[72.6107,23.12737],[72.61069,23.12665],[72.61218,23.12602],[72.61221,23.12512],[72.61247,23.12318],[72.61386,23.12326],[72.61435,23.12329],[72.61314,23.12072],[72.6131,23.11976],[72.61309,23.11869],[72.61309,23.11782],[72.61276,23.11673],[72.61294,23.1154]]]]}},{"type":"Feature","id":"Vatva","properties":{"taluka":"Vatva","name":"Vatva Taluka"},"geometry":{"type":"MultiPolygon","coordinates":[[[[72.68577,23.02459],[72.6855,23.02456],[72.68525,23.02461],[72.68509,23.02464],[72.68472,23.02463],[72.68407,23.02459],[72.68374,23.02457],[72.68336,23.02457],[72.68294,23.02455],[72.68264,23.02456],[72.6823,23.0246],[72.68125,23.02463],[72.68071,23.02465],[72.6801,23.02466],[72.67978,23.02467],[72.67978,23.02505],[72.67976,23.02544],[72.67972,23.02591],[72.6797,23.02611],[72.67964,23.0266],[72.67957,23.02691],[72.6796,23.02735],[72.67962,23.02755],[72.67963,23.02781],[72.67964,23.02803],[72.67966,23.02823],[72.67931,23.02823],[72.67908,23.02819],[72.67878,23.02814],[72.67859,23.0281],[72.67824,23.02805],[72.67781,23.02798],[72.67748,23.0279],[72.67716,23.02785],[72.67681,23.02791],[72.67654,23.02846],[72.67646,23.02862],[72.67622,23.02875],[72.67599,23.02873],[72.67569,23.0287],[72.67529,23.02864],[72.67495,23.02861],[72.67443,23.02859],[72.67414,23.02865],[72.67391,23.02863],[72.6738,23.02892],[72.67367,23.02926],[72.67354,23.02942],[72.67338,23.02965],[72.67324,23.02994],[72.67316,23.03017],[72.67305,23.03045],[72.67288,23.03074],[72.67283,23.03094],[72.67274,23.03125],[72.67266,23.03148],[72.67263,23.0317],[72.67261,23.03195],[72.67254,23.03211],[72.67225,23.03201],[72.67205,23.03195],[72.67187,23.03199],[72.67129,23.03213],[72.6711,23.03219],[72.67084,23.03225],[72.67056,23.03229],[72.67017,23.03235],[72.66983,23.03239],[72.66945,23.03249],[72.66895,23.03262],[72.66875,23.03267],[72.66864,23.0324],[72.66853,23.03209],[72.668,23.03239],[72.66754,23.03265],[72.6674,23.03278],[72.66727,23.03293],[72.66706,23.03314],[72.66687,23.03316],[72.66657,23.03321],[72.66629,23.03326],[72.66597,23.03324],[72.6653,23.03321],[72.66495,23.03318],[72.66457,23.03316],[72.6642,23.03318],[72.66408,23.03298],[72.66374,23.03296],[72.66345,23.03292],[72.66318,23.03289],[72.66267,23.03287],[72.6624,23.03286],[72.66213,23.03271],[72.66178,23.0325],[72.66145,23.03231],[72.66117,23.03228],[72.66098,23.03226],[72.66053,23.03222],[72.66032,23.0322],[72.6601,23.03226],[72.65983,23.03231],[72.65935,23.03241],[72.6591,23.03243],[72.6586,23.03246],[72.65832,23.03246],[72.65796,23.03243],[72.65722,23.03239],[72.65681,23.03236],[72.65626,23.03231],[72.65587,23.03228],[72.65519,23.03224],[72.65481,23.0322],[72.65444,23.03219],[72.65406,23.03219],[72.65355,23.03201],[72.65276,23.03173],[72.6522,23.03159],[72.65161,23.03136],[72.65139,23.0313],[72.6513,23.03161],[72.65106,23.03152],[72.65058,23.03126],[72.64961,23.03105],[72.64929,23.03097],[72.64902,23.03079],[72.64869,23.03077],[72.64824,23.03062],[72.64764,23.03038],[72.64696,23.03011],[72.64574,23.02959],[72.64483,23.02917],[72.64438,23.02896],[72.64313,23.02865],[72.6426,23.02854],[72.64242,23.02848],[72.64234,23.0287],[72.64215,23.02858],[72.64116,23.02775],[72.64137,23.02726],[72.64137,23.02706],[72.6413,23.02637],[72.64134,23.02599],[72.64142,23.02533],[72.64148,23.02487],[72.64154,23.02439],[72.64123,23.02418],[72.64148,23.02314],[72.64163,23.02249],[72.64187,23.02248],[72.64196,23.02227],[72.64201,23.02208],[72.64216,23.0215],[72.64193,23.02133],[72.64173,23.02076],[72.64142,23.01996],[72.64145,23.01951],[72.64174,23.01931],[72.64205,23.01911],[72.64226,23.01904],[72.64255,23.01896],[72.64233,23.01806],[72.64228,23.01768],[72.64228,23.01732],[72.64231,23.01715],[72.64209,23.01661],[72.64212,23.01626],[72.64212,23.01574],[72.64214,23.0154],[72.64234,23.01542],[72.64254,23.01532],[72.64282,23.01517],[72.64294,23.01491],[72.6431,23.01421],[72.64327,23.01352],[72.64329,23.01332],[72.64324,23.01297],[72.64304,23.01205],[72.64303,23.01185],[72.64304,23.01168],[72.64319,23.01142],[72.64338,23.01121],[72.64349,23.01085],[72.64365,23.01032],[72.64348,23.00965],[72.64348,23.00914],[72.64337,23.00878],[72.64337,23.00844],[72.64337,23.00807],[72.64347,23.00784],[72.64354,23.00756],[72.64373,23.00728],[72.64374,23.00691],[72.64373,23.00657],[72.64385,23.00571],[72.64381,23.00517],[72.64404,23.00456],[72.64434,23.00442],[72.64477,23.00402],[72.64516,23.00295],[72.64559,23.00132],[72.64597,23.0005],[72.64576,23.0],[72.64567,22.99978],[72.64569,22.99964],[72.64598,22.9987],[72.64597,22.99852],[72.64573,22.99777],[72.64552,22.99744],[72.64525,22.99712],[72.64483,22.99702],[72.64451,22.9966],[72.64349,22.99579],[72.6421,22.99499],[72.6412,22.99469],[72.64001,22.99465],[72.6394,22.99455],[72.63918,22.99444],[72.63895,22.99415],[72.63892,22.99398],[72.63895,22.99354],[72.63896,22.99336],[72.63919,22.9926],[72.63986,22.99156],[72.64027,22.99108],[72.64097,22.99008],[72.6411,22.98963],[72.64107,22.98895],[72.64052,22.98753],[72.63983,22.98619],[72.63952,22.98582],[72.63944,22.98567],[72.63923,22.98509],[72.63892,22.984],[72.63879,22.98388],[72.63839,22.98366],[72.63731,22.98325],[72.63653,22.98233],[72.63634,22.98206],[72.63627,22.9819],[72.63621,22.98166],[72.63647,22.98074],[72.63648,22.98005],[72.63643,22.97959],[72.63625,22.97906],[72.63555,22.97835],[72.63521,22.97776],[72.63493,22.97706],[72.63475,22.97603],[72.63469,22.97543],[72.63471,22.97464],[72.63479,22.97413],[72.63505,22.97362],[72.63499,22.97353],[72.63445,22.97324],[72.63234,22.97288],[72.63161,22.97263],[72.62578,22.97021],[72.62523,22.97009],[72.62486,22.97008],[72.62331,22.97013],[72.62268,22.97023],[72.6213,22.97023],[72.61923,22.97041],[72.61786,22.97027],[72.61736,22.97028],[72.61691,22.97036],[72.61576,22.97078],[72.61391,22.97106],[72.61379,22.97105],[72.61268,22.97053],[72.61255,22.97037],[72.61243,22.97017],[72.6113,22.96832],[72.60889,22.96462],[72.60883,22.96457],[72.60876,22.96456],[72.60804,22.96477],[72.608,22.96473],[72.60762,22.96263],[72.6074,22.96175],[72.60581,22.95927],[72.60573,22.95922],[72.60545,22.95923],[72.60537,22.95921],[72.60504,22.95884],[72.60435,22.95746],[72.60352,22.95589],[72.60318,22.9555],[72.60147,22.95426],[72.60017,22.95375],[72.60006,22.95368],[72.59937,22.95291],[72.59722,22.95132],[72.59703,22.95121],[72.5966,22.95105],[72.59652,22.95108],[72.59615,22.95246],[72.59608,22.95255],[72.59504,22.95268],[72.59314,22.95303],[72.59294,22.95305],[72.59121,22.95294],[72.5905,22.95286],[72.5882,22.95178],[72.58649,22.95113],[72.5825,22.94987],[72.58145,22.9494],[72.58137,22.9494],[72.58099,22.95024],[72.58087,22.95041],[72.58067,22.95043],[72.57962,22.95038],[72.57959,22.95034],[72.57944,22.94859],[72.5792,22.94692],[72.57875,22.94459],[72.5786,22.94385],[72.57856,22.94381],[72.57787,22.94379],[72.57773,22.94384],[72.57726,22.94416],[72.57708,22.94441],[72.577,22.9446],[72.57693,22.94558],[72.57696,22.94564],[72.57728,22.94571],[72.57734,22.94577],[72.57766,22.94729],[72.57749,22.94872],[72.57749,22.94901],[72.57763,22.94989],[72.57761,22.95],[72.57753,22.95003],[72.57571,22.95027],[72.57566,22.95032],[72.57541,22.95197],[72.57536,22.95202],[72.57414,22.95213],[72.57383,22.95257],[72.57337,22.95309],[72.573,22.95324],[72.57314,22.95424],[72.57341,22.95532],[72.57371,22.95641],[72.57377,22.95666],[72.57385,22.95745],[72.57393,22.95801],[72.57393,22.95845],[72.57394,22.95918],[72.57398,22.9596],[72.57402,22.95998],[72.57409,22.96027],[72.5742,22.96077],[72.57428,22.96103],[72.57449,22.96158],[72.57473,22.96208],[72.57471,22.96251],[72.57465,22.96326],[72.57456,22.96394],[72.57452,22.96453],[72.57448,22.96502],[72.5745,22.96559],[72.57454,22.966],[72.57456,22.96677],[72.57462,22.96693],[72.57465,22.96762],[72.5747,22.9683],[72.57476,22.96892],[72.57478,22.96911],[72.57443,22.96905],[72.57331,22.96884],[72.57323,22.96898],[72.57308,22.96954],[72.57281,22.97046],[72.57272,22.97076],[72.57293,22.97096],[72.57311,22.971],[72.57343,22.97127],[72.57304,22.97203],[72.57294,22.97221],[72.57265,22.97214],[72.57157,22.9718],[72.57074,22.97155],[72.56901,22.97048],[72.56853,22.97122],[72.56834,22.97147],[72.56887,22.97182],[72.5691,22.97199],[72.5694,22.9722],[72.56977,22.97246],[72.57002,22.97272],[72.57026,22.97295],[72.57044,22.97312],[72.57091,22.97358],[72.57106,22.97376],[72.57147,22.97411],[72.57173,22.97422],[72.57236,22.97456],[72.5728,22.97482],[72.57312,22.97503],[72.57312,22.97521],[72.57303,22.97545],[72.57293,22.97578],[72.57289,22.97598],[72.57286,22.97641],[72.57282,22.97673],[72.57278,22.97709],[72.5727,22.97745],[72.57268,22.97759],[72.57219,22.97829],[72.57191,22.97861],[72.57111,22.97958],[72.57086,22.97988],[72.57037,22.98024],[72.56967,22.98046],[72.56884,22.98073],[72.5687,22.98091],[72.5689,22.98091],[72.56859,22.98136],[72.56835,22.98173],[72.56792,22.98237],[72.56777,22.98257],[72.56746,22.98338],[72.56734,22.98368],[72.56707,22.98437],[72.56694,22.98469],[72.56673,22.98525],[72.56657,22.98559],[72.56638,22.98601],[72.56634,22.98638],[72.56625,22.98674],[72.56609,22.98735],[72.56605,22.98757],[72.56596,22.98773],[72.56582,22.98784],[72.56576,22.98801],[72.5659,22.98889],[72.56597,22.98937],[72.56562,22.98948],[72.56576,22.9899],[72.56601,22.9904],[72.56593,22.99059],[72.56593,22.99084],[72.56562,22.99096],[72.56544,22.99107],[72.56535,22.99124],[72.5655,22.99179],[72.5656,22.99227],[72.56489,22.99225],[72.56422,22.99248],[72.56354,22.99273],[72.56269,22.99303],[72.56168,22.99395],[72.56138,22.99422],[72.56067,22.99462],[72.56038,22.99484],[72.56024,22.99513],[72.56009,22.99539],[72.55946,22.99518],[72.55929,22.99526],[72.5591,22.99523],[72.55891,22.99567],[72.55878,22.99601],[72.55811,22.99574],[72.55761,22.99553],[72.55734,22.9956],[72.55668,22.9954],[72.55601,22.99521],[72.5558,22.99551],[72.5554,22.99599],[72.55505,22.99638],[72.55478,22.99668],[72.55453,22.99654],[72.55397,22.99631],[72.55341,22.99612],[72.55357,22.99563],[72.55363,22.99538],[72.55326,22.99528],[72.5528,22.99511],[72.55259,22.99512],[72.55213,22.99518],[72.55207,22.99548],[72.55199,22.99582],[72.55122,22.99578],[72.5504,22.99571],[72.54988,22.99567],[72.54988,22.99489],[72.54916,22.99457],[72.5487,22.9944],[72.54786,22.99443],[72.54732,22.99443],[72.54725,22.99479],[72.54707,22.99497],[72.54704,22.99526],[72.54706,22.99559],[72.54628,22.99581],[72.54563,22.99598],[72.54427,22.99642],[72.54373,22.99658],[72.54332,22.99672],[72.54256,22.99663],[72.54183,22.99657],[72.54137,22.99651],[72.54021,22.99657],[72.53971,22.9966],[72.53969,22.99692],[72.53961,22.9971],[72.53934,22.99793],[72.53925,22.99825],[72.53923,22.99842],[72.53923,22.99907],[72.53923,22.99957],[72.5392,22.99979],[72.53873,22.99976],[72.53815,22.99969],[72.53778,22.99964],[72.53676,22.9995],[72.53624,22.99945],[72.53575,22.99935],[72.53503,22.99924],[72.53453,22.99914],[72.5343,22.99914],[72.53404,22.99908],[72.53377,22.99905],[72.53329,22.99896],[72.53315,22.99887],[72.53289,22.9988],[72.53235,22.99865],[72.53249,22.99814],[72.53255,22.9979],[72.53236,22.99786],[72.53182,22.9978],[72.53145,22.99775],[72.53147,22.99756],[72.53156,22.99698],[72.53135,22.9969],[72.53088,22.99686],[72.53026,22.9968],[72.52982,22.99675],[72.52986,22.99647],[72.52994,22.99604],[72.52941,22.99594],[72.52913,22.99591],[72.52899,22.99606],[72.5286,22.99609],[72.52795,22.99616],[72.52774,22.99616],[72.52728,22.99606],[72.52694,22.99608],[72.52667,22.99601],[72.52635,22.99597],[72.52571,22.996],[72.52487,22.99604],[72.52439,22.99606],[72.52442,22.99581],[72.52463,22.99451],[72.5247,22.99422],[72.52438,22.99419],[72.52406,22.99418],[72.52385,22.99415],[72.52355,22.99406],[72.52333,22.99398],[72.5228,22.99381],[72.52228,22.99372],[72.52174,22.99372],[72.52128,22.99368],[72.52124,22.99383],[72.52117,22.9941],[72.52108,22.99454],[72.52099,22.99494],[72.52092,22.99507],[72.52065,22.99526],[72.52003,22.9951],[72.51941,22.99493],[72.51943,22.99447],[72.51947,22.99425],[72.51953,22.99398],[72.51963,22.99371],[72.51976,22.9934],[72.52009,22.99268],[72.5203,22.99247],[72.52041,22.99234],[72.51962,22.992],[72.51961,22.99137],[72.52004,22.99102],[72.52046,22.99068],[72.52072,22.99046],[72.52107,22.99062],[72.52137,22.9905],[72.52159,22.99033],[72.52189,22.99002],[72.52219,22.98972],[72.52231,22.98959],[72.52245,22.98943],[72.52262,22.98919],[72.52245,22.98895],[72.52235,22.98864],[72.52164,22.98894],[72.52127,22.98911],[72.52105,22.98919],[72.5209,22.98931],[72.52065,22.9895],[72.52037,22.98972],[72.52007,22.9899],[72.51983,22.99003],[72.51956,22.99023],[72.51928,22.99043],[72.51893,22.99061],[72.5186,22.99079],[72.51836,22.99088],[72.51799,22.99105],[72.51752,22.99123],[72.51689,22.99147],[72.51646,22.99165],[72.51663,22.99195],[72.51673,22.99211],[72.51663,22.99223],[72.51636,22.99238],[72.51607,22.99254],[72.51558,22.9925],[72.51525,22.99251],[72.51504,22.99243],[72.51487,22.99219],[72.51477,22.99206],[72.51471,22.99189],[72.51472,22.99161],[72.51474,22.99136],[72.51488,22.991],[72.51501,22.99068],[72.51444,22.99029],[72.51415,22.99008],[72.51401,22.98999],[72.51411,22.98979],[72.51439,22.98907],[72.51446,22.98862],[72.51448,22.98835],[72.51454,22.98782],[72.51449,22.98728],[72.51436,22.98645],[72.51433,22.98611],[72.51422,22.98563],[72.5139,22.98513],[72.51358,22.98512],[72.51298,22.98516],[72.51265,22.98521],[72.51249,22.9846],[72.51239,22.98432],[72.51234,22.98409],[72.51233,22.98352],[72.51231,22.98283],[72.51235,22.98196],[72.51237,22.98129],[72.51237,22.9808],[72.51238,22.98022],[72.51232,22.97939],[72.5123,22.97885],[72.51231,22.97808],[72.51234,22.97781],[72.51291,22.977],[72.51312,22.97629],[72.51318,22.97626],[72.51322,22.97611],[72.5133,22.97542],[72.51359,22.97453],[72.51409,22.97364],[72.51559,22.97147],[72.51776,22.96878],[72.51977,22.966],[72.51989,22.9654],[72.51965,22.96414],[72.51972,22.96395],[72.52068,22.96177],[72.52221,22.95903],[72.5233,22.9575],[72.52412,22.95649],[72.5256,22.9552],[72.52658,22.95449],[72.52757,22.95378],[72.52915,22.95289],[72.52941,22.95278],[72.53122,22.95223],[72.53243,22.95203],[72.5325,22.95196],[72.53274,22.95126],[72.53282,22.95023],[72.53278,22.9485],[72.53266,22.94638],[72.5325,22.94476],[72.53219,22.94301],[72.53215,22.94225],[72.53226,22.94153],[72.5327,22.94067],[72.53289,22.94014],[72.53296,22.94002],[72.53268,22.93986],[72.53209,22.93964],[72.53151,22.93917],[72.53104,22.93879],[72.53043,22.93843],[72.52997,22.93822],[72.52981,22.93801],[72.5297,22.93722],[72.52961,22.93653],[72.52944,22.93567],[72.52934,22.93517],[72.52938,22.935],[72.52914,22.93417],[72.52899,22.9333],[72.52887,22.93263],[72.52881,22.93196],[72.52872,22.93128],[72.52869,22.93028],[72.52865,22.92934],[72.52855,22.92842],[72.52862,22.9278],[72.52916,22.92699],[72.52945,22.92647],[72.53034,22.92523],[72.53053,22.92524],[72.53084,22.92522],[72.53109,22.92527],[72.53149,22.92523],[72.53215,22.92496],[72.53339,22.92438],[72.53349,22.92409],[72.53375,22.92377],[72.534,22.9235],[72.53415,22.92333],[72.5343,22.92314],[72.53451,22.92293],[72.53575,22.92209],[72.53617,22.92179],[72.53639,22.92162],[72.5366,22.92145],[72.53692,22.92141],[72.53725,22.92125],[72.53779,22.92083],[72.53824,22.92053],[72.53863,22.9203],[72.5388,22.92034],[72.53915,22.92049],[72.53957,22.92072],[72.53975,22.92052],[72.53999,22.92029],[72.5402,22.92008],[72.54042,22.92023],[72.54072,22.92041],[72.54098,22.92068],[72.54134,22.92096],[72.54181,22.92139],[72.54228,22.92166],[72.54254,22.92174],[72.54262,22.92194],[72.54294,22.92206],[72.54371,22.92239],[72.54416,22.92259],[72.54468,22.92272],[72.54532,22.92298],[72.54598,22.92318],[72.54662,22.92334],[72.54692,22.92352],[72.54712,22.9234],[72.54754,22.92321],[72.54842,22.92261],[72.54894,22.92228],[72.54954,22.92195],[72.55008,22.9217],[72.55046,22.92151],[72.5508,22.92129],[72.55163,22.92097],[72.55243,22.92057],[72.55293,22.92036],[72.55326,22.92014],[72.55372,22.91985],[72.55428,22.91962],[72.55469,22.91953],[72.55556,22.91927],[72.55618,22.91909],[72.55644,22.91893],[72.55728,22.91877],[72.55772,22.91862],[72.55785,22.91841],[72.55823,22.918],[72.55854,22.91762],[72.55887,22.91726],[72.5592,22.91692],[72.55952,22.91654],[72.55974,22.91624],[72.56013,22.91585],[72.56034,22.91567],[72.56051,22.91566],[72.56093,22.91587],[72.56107,22.91601],[72.56122,22.91616],[72.56146,22.91605],[72.56163,22.91613],[72.56195,22.91628],[72.56229,22.91642],[72.5626,22.9166],[72.56295,22.9166],[72.56351,22.91676],[72.56369,22.91684],[72.56393,22.91697],[72.56414,22.91722],[72.5643,22.91701],[72.56508,22.91671],[72.56532,22.9167],[72.56571,22.91652],[72.56628,22.91631],[72.56724,22.91589],[72.56731,22.91555],[72.56703,22.91548],[72.56707,22.91501],[72.56742,22.91496],[72.56749,22.91472],[72.56793,22.91477],[72.56848,22.91484],[72.5691,22.91493],[72.57034,22.9148],[72.57053,22.91511],[72.57075,22.91509],[72.57103,22.91539],[72.57199,22.91532],[72.57216,22.91599],[72.57247,22.91681],[72.57264,22.91729],[72.57299,22.91797],[72.5732,22.91809],[72.57381,22.91791],[72.57403,22.9186],[72.57424,22.91934],[72.57421,22.91954],[72.5743,22.91973],[72.57433,22.92048],[72.57423,22.92094],[72.57434,22.92122],[72.5745,22.92141],[72.57518,22.92181],[72.57575,22.92223],[72.57655,22.92284],[72.57693,22.92314],[72.57729,22.92342],[72.57754,22.92303],[72.57816,22.9232],[72.57846,22.92333],[72.57912,22.92357],[72.57972,22.92374],[72.58015,22.92389],[72.58054,22.924],[72.5809,22.92429],[72.58112,22.92446],[72.5816,22.92483],[72.58202,22.92498],[72.58245,22.92508],[72.58294,22.92518],[72.58333,22.92535],[72.58382,22.92558],[72.58435,22.92588],[72.58468,22.92612],[72.5851,22.92645],[72.58553,22.92668],[72.58591,22.92684],[72.58631,22.92696],[72.58655,22.92702],[72.58716,22.92707],[72.58719,22.92723],[72.58716,22.92759],[72.58708,22.92778],[72.58722,22.92829],[72.58734,22.92859],[72.58747,22.92913],[72.58757,22.92928],[72.58799,22.92928],[72.58826,22.92985],[72.58856,22.93002],[72.58883,22.93023],[72.58927,22.93032],[72.58949,22.93032],[72.59015,22.93029],[72.59017,22.93086],[72.59055,22.93097],[72.59112,22.93112],[72.59114,22.93135],[72.59161,22.93147],[72.59212,22.93167],[72.59239,22.9318],[72.59256,22.93191],[72.59261,22.93215],[72.59282,22.93216],[72.59327,22.93211],[72.59403,22.93195],[72.59433,22.93188],[72.59467,22.93177],[72.59502,22.93173],[72.59541,22.93172],[72.59539,22.9319],[72.59565,22.932],[72.59589,22.93193],[72.59631,22.93196],[72.59674,22.93211],[72.59744,22.93234],[72.59801,22.93245],[72.59834,22.93261],[72.59859,22.93274],[72.59982,22.93264],[72.6,22.93255],[72.60014,22.9323],[72.60067,22.93218],[72.60118,22.93209],[72.60173,22.93215],[72.60225,22.93229],[72.60263,22.93259],[72.60293,22.93278],[72.60343,22.93299],[72.60407,22.9331],[72.60473,22.93326],[72.60498,22.93324],[72.6054,22.93251],[72.60571,22.93178],[72.60608,22.93117],[72.60638,22.93055],[72.60699,22.92936],[72.6073,22.92881],[72.60763,22.92843],[72.60784,22.92792],[72.60812,22.92766],[72.60892,22.92607],[72.60925,22.92556],[72.60954,22.92489],[72.61003,22.9238],[72.61038,22.92339],[72.6107,22.92314],[72.611,22.92329],[72.6115,22.92328],[72.61197,22.92325],[72.61248,22.92329],[72.61276,22.92339],[72.61313,22.92339],[72.61343,22.92328],[72.61362,22.92305],[72.6138,22.92266],[72.61403,22.92213],[72.61431,22.92161],[72.61446,22.92126],[72.61477,22.92097],[72.61501,22.92072],[72.61523,22.9207],[72.61539,22.92061],[72.61541,22.92089],[72.61664,22.92051],[72.61734,22.92045],[72.61819,22.92037],[72.61847,22.92037],[72.61859,22.91992],[72.6186,22.91963],[72.6188,22.91946],[72.61984,22.91951],[72.62079,22.91965],[72.62171,22.91983],[72.62229,22.91995],[72.62291,22.92008],[72.62315,22.92055],[72.62319,22.92099],[72.62332,22.92125],[72.62398,22.92156],[72.62435,22.92176],[72.62444,22.92249],[72.62526,22.92257],[72.62584,22.92261],[72.62627,22.92271],[72.62657,22.92282],[72.62669,22.92308],[72.62686,22.92321],[72.62751,22.92331],[72.62736,22.92402],[72.62726,22.92438],[72.62722,22.92464],[72.62707,22.92498],[72.62691,22.92531],[72.62683,22.92559],[72.6267,22.9259],[72.62646,22.92627],[72.62569,22.92728],[72.62548,22.92756],[72.62544,22.92795],[72.62526,22.92815],[72.62512,22.92847],[72.62515,22.92895],[72.62537,22.93001],[72.6255,22.93044],[72.6255,22.93081],[72.62536,22.93117],[72.62527,22.93158],[72.62515,22.93195],[72.62507,22.93238],[72.62508,22.93265],[72.62585,22.93282],[72.62613,22.93293],[72.62608,22.93323],[72.62654,22.93354],[72.62691,22.93344],[72.62795,22.93351],[72.62847,22.93356],[72.62833,22.93409],[72.6283,22.93454],[72.62884,22.93457],[72.6292,22.93497],[72.62997,22.93473],[72.63037,22.93445],[72.63089,22.93435],[72.63124,22.9342],[72.63174,22.93394],[72.63231,22.93381],[72.63265,22.93367],[72.63317,22.93347],[72.63364,22.93326],[72.63414,22.93307],[72.63452,22.93289],[72.63503,22.93253],[72.63553,22.93238],[72.63585,22.93234],[72.63607,22.93214],[72.63636,22.9321],[72.63722,22.93205],[72.63747,22.93194],[72.63786,22.9319],[72.6382,22.93178],[72.63852,22.93166],[72.63881,22.93152],[72.63917,22.93131],[72.63961,22.93115],[72.64018,22.93101],[72.64077,22.93093],[72.64122,22.93097],[72.64156,22.93097],[72.64213,22.93081],[72.64245,22.93065],[72.64281,22.9303],[72.64334,22.93015],[72.6436,22.93034],[72.64411,22.92987],[72.64443,22.92956],[72.64507,22.92954],[72.6455,22.92976],[72.64604,22.9301],[72.64645,22.93036],[72.64693,22.93084],[72.6474,22.93134],[72.6479,22.93161],[72.64885,22.93148],[72.64922,22.93141],[72.64995,22.93163],[72.65037,22.93176],[72.65065,22.93174],[72.6508,22.93124],[72.6508,22.93101],[72.6508,22.9307],[72.65084,22.93049],[72.65081,22.93034],[72.65058,22.93021],[72.64999,22.93],[72.64935,22.92965],[72.64889,22.92931],[72.64865,22.92854],[72.64855,22.92832],[72.64841,22.92799],[72.64824,22.92788],[72.64779,22.92781],[72.64756,22.92777],[72.64752,22.92694],[72.64755,22.92677],[72.64843,22.92652],[72.64834,22.92526],[72.64823,22.92473],[72.64815,22.92411],[72.64871,22.92407],[72.64905,22.92407],[72.64952,22.92413],[72.65028,22.92406],[72.65044,22.92365],[72.65056,22.92345],[72.65091,22.92347],[72.65121,22.92348],[72.65152,22.92359],[72.6519,22.92372],[72.65217,22.92385],[72.65235,22.92429],[72.6525,22.92507],[72.65347,22.92495],[72.654,22.92495],[72.65472,22.92497],[72.6555,22.92505],[72.65609,22.92524],[72.65667,22.9254],[72.65752,22.92564],[72.65817,22.92585],[72.65885,22.92602],[72.65982,22.9264],[72.66023,22.92654],[72.66087,22.92667],[72.66142,22.92686],[72.66179,22.92696],[72.66329,22.92742],[72.66338,22.92759],[72.66349,22.92806],[72.66341,22.92878],[72.66341,22.92906],[72.66361,22.92921],[72.66384,22.92965],[72.66458,22.93068],[72.66553,22.93075],[72.66581,22.93106],[72.66671,22.93114],[72.66729,22.93115],[72.66802,22.93115],[72.66836,22.93114],[72.66879,22.9308],[72.66906,22.9302],[72.66924,22.9301],[72.67003,22.9304],[72.67066,22.93065],[72.67111,22.93084],[72.67229,22.93068],[72.67253,22.93087],[72.67332,22.93136],[72.67475,22.93227],[72.67542,22.93266],[72.67584,22.93252],[72.67668,22.93251],[72.67692,22.9332],[72.67791,22.93304],[72.6784,22.93295],[72.67885,22.93309],[72.67918,22.93321],[72.67935,22.93291],[72.67956,22.93288],[72.67973,22.93298],[72.68001,22.93294],[72.68023,22.9329],[72.68037,22.9324],[72.68048,22.93216],[72.68069,22.93208],[72.68104,22.93212],[72.68121,22.93197],[72.6812,22.93227],[72.68111,22.93249],[72.68087,22.93286],[72.68068,22.93325],[72.68056,22.93361],[72.68041,22.93389],[72.68067,22.9346],[72.68093,22.93523],[72.68115,22.93523],[72.68129,22.93596],[72.68132,22.93636],[72.68081,22.93662],[72.67982,22.9369],[72.67931,22.93715],[72.67947,22.93757],[72.67963,22.93775],[72.67971,22.938],[72.67951,22.93813],[72.67918,22.93821],[72.67862,22.93825],[72.67831,22.93829],[72.67811,22.93853],[72.67789,22.93853],[72.6775,22.93872],[72.67723,22.93888],[72.67735,22.93985],[72.67702,22.93997],[72.67688,22.94044],[72.67675,22.94118],[72.67675,22.94149],[72.67751,22.94176],[72.67824,22.94189],[72.67817,22.94226],[72.67813,22.9426],[72.67817,22.94294],[72.67815,22.9433],[72.67874,22.94353],[72.67879,22.9439],[72.67788,22.94388],[72.67792,22.94432],[72.67798,22.94474],[72.67826,22.94498],[72.67866,22.94516],[72.67888,22.94527],[72.67902,22.94571],[72.67939,22.947],[72.67967,22.94759],[72.67979,22.94791],[72.67995,22.9483],[72.68001,22.94889],[72.67991,22.94949],[72.68006,22.94997],[72.68015,22.95043],[72.68057,22.95113],[72.68094,22.95135],[72.68119,22.95182],[72.68143,22.95266],[72.68157,22.95308],[72.68148,22.95375],[72.68052,22.95415],[72.6797,22.95459],[72.6795,22.95457],[72.6792,22.95443],[72.67901,22.95426],[72.67878,22.95407],[72.6785,22.9537],[72.67838,22.95325],[72.6783,22.95287],[72.67815,22.95244],[72.67785,22.95207],[72.67746,22.95177],[72.67721,22.95184],[72.67681,22.952],[72.6767,22.95182],[72.67634,22.9518],[72.67553,22.95201],[72.67487,22.95213],[72.67483,22.95231],[72.67443,22.95243],[72.67402,22.95233],[72.67303,22.95258],[72.67241,22.95266],[72.67201,22.95264],[72.67156,22.95267],[72.67151,22.95237],[72.67126,22.9521],[72.67108,22.95145],[72.67025,22.95142],[72.6694,22.95142],[72.66836,22.95143],[72.66828,22.95175],[72.66794,22.95183],[72.66783,22.95209],[72.66773,22.95244],[72.66746,22.95343],[72.66755,22.95396],[72.66747,22.95451],[72.66743,22.955],[72.66742,22.95553],[72.66703,22.95552],[72.66688,22.95526],[72.66661,22.95524],[72.66614,22.95525],[72.66552,22.95525],[72.66544,22.95543],[72.66547,22.95626],[72.66629,22.95617],[72.66638,22.95639],[72.6667,22.95688],[72.66704,22.95689],[72.66709,22.95707],[72.6672,22.9574],[72.66726,22.95782],[72.66729,22.95823],[72.66723,22.959],[72.66717,22.95967],[72.66703,22.96024],[72.66688,22.96067],[72.66678,22.96099],[72.66663,22.96123],[72.66644,22.96145],[72.66621,22.96164],[72.66572,22.96167],[72.66557,22.96157],[72.6651,22.9615],[72.66447,22.96142],[72.66419,22.96166],[72.664,22.96204],[72.6639,22.96249],[72.66382,22.96284],[72.66354,22.96324],[72.66295,22.96299],[72.66303,22.96269],[72.6626,22.96258],[72.66264,22.9624],[72.66264,22.96189],[72.66264,22.96128],[72.66248,22.96091],[72.66185,22.96095],[72.66179,22.9613],[72.66168,22.96205],[72.66128,22.96223],[72.66139,22.96237],[72.66141,22.96269],[72.66129,22.9632],[72.66112,22.96322],[72.66063,22.96324],[72.66008,22.96325],[72.65993,22.96337],[72.65985,22.96396],[72.65981,22.96449],[72.65941,22.9653],[72.65927,22.96577],[72.65929,22.96626],[72.65941,22.96721],[72.6595,22.96766],[72.65968,22.96819],[72.65974,22.96835],[72.6604,22.96866],[72.661,22.96891],[72.66153,22.96888],[72.66174,22.96882],[72.66202,22.96918],[72.66253,22.96976],[72.66273,22.97004],[72.66328,22.97041],[72.66378,22.97084],[72.66416,22.97109],[72.66508,22.97173],[72.66563,22.97179],[72.66589,22.97204],[72.66634,22.97237],[72.66662,22.9727],[72.66681,22.97306],[72.66709,22.97339],[72.66745,22.97338],[72.6679,22.97338],[72.66816,22.9734],[72.66888,22.97345],[72.66901,22.97377],[72.66907,22.97404],[72.66918,22.97439],[72.67014,22.97419],[72.67052,22.97411],[72.67087,22.97409],[72.67124,22.97414],[72.67172,22.97422],[72.67231,22.97434],[72.67308,22.97441],[72.67375,22.97443],[72.67434,22.97452],[72.67489,22.97476],[72.67492,22.97531],[72.67511,22.97524],[72.675,22.97605],[72.67494,22.9767],[72.67492,22.97727],[72.67491,22.97768],[72.67501,22.97809],[72.6753,22.97864],[72.67558,22.97961],[72.67567,22.97991],[72.67587,22.98046],[72.67595,22.98077],[72.67602,22.98107],[72.6761,22.98139],[72.67634,22.98296],[72.6764,22.9836],[72.67656,22.98395],[72.67662,22.98431],[72.6769,22.9847],[72.6771,22.98494],[72.67741,22.98527],[72.67756,22.98559],[72.6777,22.98611],[72.67777,22.98626],[72.67784,22.9865],[72.67806,22.98693],[72.67819,22.98724],[72.67925,22.98756],[72.68564,22.9907],[72.68589,22.9908],[72.68629,22.9911],[72.68668,22.99163],[72.6869,22.99203],[72.68701,22.99252],[72.68723,22.9926],[72.68752,22.99267],[72.68795,22.9928],[72.68855,22.99298],[72.6891,22.99318],[72.68953,22.99355],[72.68957,22.99381],[72.6897,22.99423],[72.69,22.99459],[72.68993,22.99479],[72.68984,22.99508],[72.68963,22.99562],[72.68921,22.99631],[72.68951,22.99692],[72.69004,22.99784],[72.69021,22.99799],[72.69045,22.99845],[72.6906,22.99918],[72.69075,22.9999],[72.6909,23.0005],[72.69107,23.00101],[72.69138,23.00152],[72.69175,23.00181],[72.6922,23.00206],[72.6929,23.00237],[72.69359,23.00258],[72.69401,23.00285],[72.69389,23.00332],[72.69382,23.00376],[72.69405,23.00379],[72.69447,23.004],[72.69471,23.00417],[72.69447,23.0045],[72.69431,23.00457],[72.69367,23.00479],[72.69315,23.005],[72.69297,23.00517],[72.69241,23.00559],[72.69174,23.00609],[72.69108,23.00653],[72.69046,23.00694],[72.68991,23.00735],[72.68954,23.00777],[72.68903,23.00821],[72.68808,23.00937],[72.6878,23.00969],[72.68744,23.01018],[72.68707,23.01062],[72.68679,23.01102],[72.68636,23.01145],[72.68578,23.01215],[72.68498,23.01223],[72.68442,23.01237],[72.68385,23.01225],[72.683,23.01219],[72.68243,23.01209],[72.68203,23.01188],[72.6812,23.01176],[72.68129,23.01241],[72.68126,23.01377],[72.68142,23.01474],[72.6819,23.01637],[72.68196,23.01675],[72.68199,23.01728],[72.68107,23.01712],[72.68064,23.01718],[72.68046,23.01746],[72.68022,23.01768],[72.68009,23.01814],[72.68029,23.0187],[72.68046,23.01903],[72.68049,23.01949],[72.68064,23.01989],[72.68154,23.02031],[72.68244,23.02077],[72.68322,23.02106],[72.68466,23.02132],[72.68588,23.0216],[72.68596,23.02223],[72.68596,23.02286],[72.68611,23.02372],[72.68594,23.02421],[72.68577,23.02459]]]]}},{"type":"Feature","id":"Vejalpur","properties":{"taluka":"Vejalpur","name":"Vejalpur Taluka"},"geometry":{"type":"MultiPolygon","coordinates":[[[[72.47604,22.97101],[72.47597,22.97067],[72.47661,22.9705],[72.47691,22.97014],[72.47671,22.9691],[72.47739,22.96912],[72.47759,22.96784],[72.47864,22.96666],[72.47888,22.96538],[72.47892,22.96459],[72.47895,22.96406],[72.48051,22.96321],[72.48093,22.96313],[72.4808,22.96272],[72.48017,22.96263],[72.47997,22.96219],[72.48065,22.96068],[72.48447,22.96085],[72.48446,22.95874],[72.48349,22.95881],[72.4831,22.95633],[72.48315,22.95531],[72.48211,22.95327],[72.48191,22.95064],[72.48255,22.94942],[72.4829,22.94914],[72.48397,22.94896],[72.48396,22.94742],[72.48452,22.94756],[72.48464,22.94758],[72.48509,22.94765],[72.48579,22.94774],[72.48647,22.94767],[72.48645,22.9472],[72.48636,22.94671],[72.48599,22.94521],[72.48621,22.94457],[72.48636,22.94402],[72.48648,22.94339],[72.48666,22.94296],[72.48695,22.94262],[72.48731,22.94235],[72.48778,22.94197],[72.48796,22.94152],[72.48845,22.94126],[72.4892,22.94103],[72.48973,22.94097],[72.4902,22.94092],[72.49017,22.94064],[72.49007,22.94021],[72.49081,22.94045],[72.49152,22.94061],[72.4924,22.94087],[72.49297,22.94098],[72.49364,22.94113],[72.49391,22.94112],[72.49514,22.94146],[72.49624,22.94185],[72.49787,22.94223],[72.4996,22.94271],[72.50095,22.94325],[72.50121,22.94331],[72.50105,22.94261],[72.50086,22.94187],[72.50068,22.94152],[72.50058,22.94112],[72.50041,22.94021],[72.50027,22.93987],[72.50014,22.93937],[72.4998,22.93856],[72.49982,22.93816],[72.49993,22.93769],[72.49996,22.9373],[72.50001,22.937],[72.49997,22.93625],[72.49997,22.93595],[72.49997,22.93562],[72.49974,22.93517],[72.4996,22.93483],[72.49941,22.93458],[72.49927,22.93431],[72.49918,22.93405],[72.49892,22.93378],[72.49839,22.93361],[72.49783,22.93334],[72.49752,22.93316],[72.49719,22.93284],[72.49665,22.93241],[72.49645,22.93218],[72.49608,22.93134],[72.49609,22.93084],[72.49627,22.93042],[72.49602,22.93028],[72.49605,22.92987],[72.49614,22.92951],[72.49633,22.92918],[72.49639,22.92902],[72.49666,22.92908],[72.49713,22.92919],[72.49751,22.92939],[72.49783,22.92938],[72.4979,22.92972],[72.49826,22.9296],[72.49871,22.92973],[72.49922,22.92935],[72.4996,22.92913],[72.50015,22.92885],[72.50053,22.92871],[72.50128,22.92851],[72.5013,22.9281],[72.5014,22.92798],[72.5016,22.92805],[72.50198,22.92795],[72.5023,22.92779],[72.50257,22.92777],[72.50287,22.92785],[72.50343,22.92769],[72.5043,22.92756],[72.50436,22.9274],[72.50449,22.92689],[72.50463,22.92634],[72.50463,22.92602],[72.5048,22.92551],[72.50494,22.92499],[72.50505,22.92472],[72.50515,22.9242],[72.50517,22.92398],[72.50491,22.92399],[72.50504,22.92339],[72.50533,22.92239],[72.50546,22.92214],[72.50533,22.92186],[72.50569,22.92154],[72.50577,22.92109],[72.50587,22.92095],[72.50637,22.92114],[72.50673,22.92109],[72.50692,22.92077],[72.50696,22.92056],[72.50702,22.92018],[72.50704,22.91992],[72.50704,22.91957],[72.50714,22.91919],[72.50722,22.9188],[72.50755,22.91645],[72.50974,22.9169],[72.51126,22.91722],[72.51683,22.919],[72.51963,22.91983],[72.52211,22.92079],[72.52694,22.92354],[72.52818,22.92414],[72.53034,22.92523],[72.52945,22.92647],[72.52916,22.92699],[72.52862,22.9278],[72.52855,22.92842],[72.52865,22.92934],[72.52869,22.93028],[72.52872,22.93128],[72.52881,22.93196],[72.52887,22.93263],[72.52899,22.9333],[72.52914,22.93417],[72.52938,22.935],[72.52934,22.93517],[72.52944,22.93567],[72.52961,22.93653],[72.5297,22.93722],[72.52981,22.93801],[72.52997,22.93822],[72.53043,22.93843],[72.53104,22.93879],[72.53151,22.93917],[72.53209,22.93964],[72.53268,22.93986],[72.53296,22.94002],[72.53289,22.94014],[72.5327,22.94067],[72.53226,22.94153],[72.53215,22.94225],[72.53219,22.94301],[72.5325,22.94476],[72.53266,22.94638],[72.53278,22.9485],[72.53282,22.95023],[72.53274,22.95126],[72.5325,22.95196],[72.53243,22.95203],[72.53122,22.95223],[72.52941,22.95278],[72.52915,22.95289],[72.52757,22.95378],[72.52658,22.95449],[72.5256,22.9552],[72.52412,22.95649],[72.5233,22.9575],[72.52221,22.95903],[72.52068,22.96177],[72.51972,22.96395],[72.51965,22.96414],[72.51989,22.9654],[72.51977,22.966],[72.51776,22.96878],[72.51559,22.97147],[72.51409,22.97364],[72.51359,22.97453],[72.5133,22.97542],[72.51322,22.97611],[72.51318,22.97626],[72.51312,22.97629],[72.51291,22.977],[72.51234,22.97781],[72.51231,22.97808],[72.5123,22.97885],[72.51232,22.97939],[72.51238,22.98022],[72.51237,22.9808],[72.51237,22.98129],[72.51235,22.98196],[72.51231,22.98283],[72.51233,22.98352],[72.51234,22.98409],[72.51239,22.98432],[72.51249,22.9846],[72.51265,22.98521],[72.51298,22.98516],[72.51358,22.98512],[72.5139,22.98513],[72.51422,22.98563],[72.51433,22.98611],[72.51436,22.98645],[72.51449,22.98728],[72.51454,22.98782],[72.51448,22.98835],[72.51446,22.98862],[72.51439,22.98907],[72.51411,22.98979],[72.51401,22.98999],[72.51415,22.99008],[72.51444,22.99029],[72.51501,22.99068],[72.51488,22.991],[72.51474,22.99136],[72.51472,22.99161],[72.51471,22.99189],[72.51477,22.99206],[72.51487,22.99219],[72.51504,22.99243],[72.51525,22.99251],[72.51558,22.9925],[72.51607,22.99254],[72.51636,22.99238],[72.51663,22.99223],[72.51673,22.99211],[72.51663,22.99195],[72.51646,22.99165],[72.51689,22.99147],[72.51752,22.99123],[72.51799,22.99105],[72.51836,22.99088],[72.5186,22.99079],[72.51893,22.99061],[72.51928,22.99043],[72.51956,22.99023],[72.51983,22.99003],[72.52007,22.9899],[72.52037,22.98972],[72.52065,22.9895],[72.5209,22.98931],[72.52105,22.98919],[72.52127,22.98911],[72.52164,22.98894],[72.52235,22.98864],[72.52245,22.98895],[72.52262,22.98919],[72.52245,22.98943],[72.52231,22.98959],[72.52219,22.98972],[72.52189,22.99002],[72.52159,22.99033],[72.52137,22.9905],[72.52107,22.99062],[72.52072,22.99046],[72.52046,22.99068],[72.52004,22.99102],[72.51961,22.99137],[72.51962,22.992],[72.52041,22.99234],[72.5203,22.99247],[72.52009,22.99268],[72.51976,22.9934],[72.51963,22.99371],[72.51953,22.99398],[72.51947,22.99425],[72.51943,22.99447],[72.51941,22.99493],[72.52003,22.9951],[72.52065,22.99526],[72.52092,22.99507],[72.52099,22.99494],[72.52108,22.99454],[72.52117,22.9941],[72.52124,22.99383],[72.52128,22.99368],[72.52174,22.99372],[72.52228,22.99372],[72.5228,22.99381],[72.52333,22.99398],[72.52355,22.99406],[72.52385,22.99415],[72.52406,22.99418],[72.52438,22.99419],[72.5247,22.99422],[72.52463,22.99451],[72.52442,22.99581],[72.52439,22.99606],[72.52487,22.99604],[72.52571,22.996],[72.52635,22.99597],[72.52667,22.99601],[72.52694,22.99608],[72.52728,22.99606],[72.52774,22.99616],[72.52795,22.99616],[72.5286,22.99609],[72.52899,22.99606],[72.52913,22.99591],[72.52941,22.99594],[72.52994,22.99604],[72.52986,22.99647],[72.52982,22.99675],[72.53026,22.9968],[72.53088,22.99686],[72.53135,22.9969],[72.53156,22.99698],[72.53147,22.99756],[72.53145,22.99775],[72.53182,22.9978],[72.53236,22.99786],[72.53255,22.9979],[72.53249,22.99814],[72.53235,22.99865],[72.53289,22.9988],[72.53315,22.99887],[72.53329,22.99896],[72.53377,22.99905],[72.53404,22.99908],[72.5343,22.99914],[72.53453,22.99914],[72.53503,22.99924],[72.53575,22.99935],[72.53624,22.99945],[72.53676,22.9995],[72.53778,22.99964],[72.53815,22.99969],[72.53873,22.99976],[72.5392,22.99979],[72.53918,23.00145],[72.53957,23.00247],[72.53971,23.00293],[72.53969,23.00342],[72.53967,23.0042],[72.53965,23.00478],[72.5396,23.00496],[72.53931,23.00584],[72.53923,23.00601],[72.5391,23.00624],[72.53907,23.00641],[72.53893,23.00663],[72.5388,23.00697],[72.53863,23.00716],[72.5384,23.00749],[72.5382,23.00746],[72.53741,23.00729],[72.53701,23.00768],[72.53607,23.00744],[72.53573,23.0074],[72.53511,23.00732],[72.53441,23.00725],[72.53427,23.00775],[72.5342,23.00823],[72.53415,23.00923],[72.53414,23.00963],[72.53409,23.01026],[72.53407,23.0105],[72.53407,23.01118],[72.53409,23.01185],[72.53433,23.01194],[72.53442,23.01227],[72.53451,23.01281],[72.53478,23.01285],[72.53484,23.01304],[72.53483,23.01324],[72.53482,23.01343],[72.53499,23.01363],[72.53505,23.0141],[72.53508,23.01438],[72.53537,23.01472],[72.53548,23.01505],[72.53562,23.0155],[72.53584,23.01559],[72.53617,23.01574],[72.53636,23.01577],[72.53664,23.0158],[72.53659,23.01605],[72.53662,23.01626],[72.53661,23.01659],[72.53658,23.01681],[72.53658,23.01706],[72.53646,23.01747],[72.53645,23.01768],[72.53644,23.01795],[72.53643,23.01821],[72.53638,23.01846],[72.53627,23.0187],[72.53621,23.01884],[72.53604,23.01924],[72.53596,23.01949],[72.53583,23.01989],[72.53575,23.02005],[72.53556,23.02046],[72.53547,23.02063],[72.5354,23.0208],[72.53533,23.02099],[72.53522,23.02121],[72.535,23.02155],[72.5349,23.0217],[72.53469,23.02205],[72.53457,23.02226],[72.53451,23.02242],[72.53432,23.02275],[72.53425,23.0229],[72.53419,23.02318],[72.5344,23.02325],[72.53522,23.02319],[72.53698,23.02315],[72.53808,23.02312],[72.53898,23.02303],[72.54006,23.02299],[72.54127,23.02297],[72.54244,23.02304],[72.54269,23.02377],[72.5429,23.02437],[72.54307,23.02473],[72.54335,23.02541],[72.54357,23.02561],[72.54389,23.02612],[72.54411,23.02647],[72.54456,23.02694],[72.5449,23.02729],[72.54499,23.02747],[72.54474,23.02763],[72.54417,23.02799],[72.54369,23.02837],[72.54323,23.02869],[72.54272,23.02913],[72.54233,23.02938],[72.54152,23.02988],[72.54097,23.03021],[72.54003,23.03081],[72.53953,23.03108],[72.53873,23.03163],[72.53824,23.03202],[72.53776,23.0325],[72.5372,23.03304],[72.53687,23.03334],[72.53762,23.03347],[72.53835,23.03359],[72.53831,23.03396],[72.5388,23.03391],[72.5392,23.03388],[72.53928,23.03424],[72.53943,23.035],[72.53984,23.03496],[72.54135,23.03496],[72.54227,23.03502],[72.54304,23.03515],[72.54354,23.03526],[72.54429,23.03557],[72.54473,23.03576],[72.54527,23.03587],[72.54611,23.0359],[72.54708,23.0359],[72.54804,23.0359],[72.54796,23.03638],[72.54786,23.03727],[72.54777,23.03747],[72.54771,23.03794],[72.54751,23.03867],[72.54739,23.03912],[72.54741,23.03939],[72.54751,23.03976],[72.54756,23.04028],[72.54757,23.04076],[72.5476,23.04109],[72.54765,23.04148],[72.54761,23.04195],[72.54756,23.04283],[72.54757,23.04339],[72.54774,23.04384],[72.5477,23.04407],[72.54747,23.04428],[72.54713,23.04448],[72.54702,23.04467],[72.54655,23.04464],[72.54597,23.04473],[72.54583,23.04495],[72.54565,23.04521],[72.54551,23.04552],[72.54521,23.04553],[72.54456,23.04557],[72.54403,23.04559],[72.54363,23.04546],[72.54295,23.04524],[72.54254,23.04515],[72.54191,23.04538],[72.54159,23.0455],[72.54132,23.04558],[72.54082,23.04575],[72.5404,23.04586],[72.54019,23.04589],[72.5394,23.04589],[72.53894,23.04588],[72.53848,23.04588],[72.53726,23.04595],[72.53659,23.046],[72.53562,23.04606],[72.53424,23.04607],[72.53352,23.0461],[72.53257,23.04615],[72.53167,23.0462],[72.53136,23.0462],[72.53104,23.0462],[72.53072,23.04599],[72.53047,23.04603],[72.53014,23.0448],[72.52993,23.04326],[72.52984,23.04197],[72.52976,23.04118],[72.52786,23.04116],[72.52791,23.04058],[72.52752,23.0395],[72.52704,23.03849],[72.52689,23.03791],[72.52637,23.03752],[72.52547,23.03726],[72.52484,23.03722],[72.5245,23.03781],[72.52345,23.03746],[72.52237,23.03688],[72.52191,23.03629],[72.52171,23.03524],[72.52159,23.0342],[72.5217,23.03323],[72.5207,23.03311],[72.51966,23.03307],[72.51846,23.03293],[72.51678,23.03277],[72.51583,23.03254],[72.51398,23.03202],[72.51247,23.03181],[72.51151,23.03171],[72.51051,23.03195],[72.5099,23.03169],[72.50857,23.03177],[72.50622,23.03116],[72.50509,23.03147],[72.50411,23.03156],[72.5033,23.03156],[72.50181,23.03136],[72.50098,23.03084],[72.50017,23.03015],[72.5,23.02988],[72.49953,23.02915],[72.49942,23.02817],[72.499,23.02826],[72.49869,23.02819],[72.49808,23.0284],[72.49773,23.02828],[72.49715,23.02831],[72.49634,23.0282],[72.49486,23.02807],[72.49428,23.02812],[72.49289,23.0285],[72.49224,23.02865],[72.49146,23.02868],[72.49047,23.02882],[72.4902,23.02771],[72.49009,23.0271],[72.49006,23.02676],[72.49037,23.02681],[72.49038,23.02619],[72.49046,23.02591],[72.4907,23.02573],[72.4912,23.02541],[72.49101,23.02433],[72.4907,23.02418],[72.49044,23.02412],[72.4895,23.02341],[72.48929,23.02322],[72.48915,23.02313],[72.48901,23.02312],[72.48873,23.02299],[72.4885,23.02285],[72.48826,23.02266],[72.48753,23.02195],[72.48734,23.0217],[72.48685,23.02148],[72.48523,23.02079],[72.48494,23.02074],[72.48465,23.02055],[72.48443,23.0205],[72.4839,23.01998],[72.48376,23.02],[72.48325,23.01962],[72.48263,23.01936],[72.48232,23.01924],[72.48208,23.019],[72.48146,23.01875],[72.48092,23.01858],[72.4805,23.01848],[72.47991,23.01824],[72.47953,23.01812],[72.47927,23.01805],[72.47789,23.01768],[72.47713,23.01748],[72.47646,23.01723],[72.47615,23.0171],[72.47461,23.01626],[72.47414,23.01595],[72.47339,23.01542],[72.47276,23.01526],[72.47211,23.01505],[72.47166,23.01496],[72.47117,23.01475],[72.4709,23.0146],[72.47014,23.01418],[72.46965,23.0137],[72.46959,23.01364],[72.46857,23.01282],[72.46834,23.01261],[72.46814,23.01217],[72.46784,23.01101],[72.46772,23.01055],[72.46762,23.01028],[72.46741,23.00998],[72.46724,23.00948],[72.46709,23.00897],[72.46713,23.00872],[72.467,23.00781],[72.46689,23.00712],[72.46693,23.00677],[72.46706,23.00631],[72.46674,23.00504],[72.46624,23.00433],[72.46603,23.00349],[72.46583,23.00253],[72.46594,23.00141],[72.46623,23.00051],[72.46618,23.0],[72.46582,22.99635],[72.46511,22.99384],[72.46782,22.99422],[72.46855,22.99423],[72.46974,22.98969],[72.46997,22.98836],[72.47039,22.98729],[72.47031,22.98488],[72.47002,22.97941],[72.47017,22.97714],[72.47038,22.97641],[72.4713,22.97508],[72.47158,22.97467],[72.47271,22.97434],[72.4729,22.97256],[72.47295,22.97069],[72.47523,22.97081],[72.47604,22.97101]]]]}}]}